country_name,month,latitude,longitude,population_millions,temperature_celsius,temp_anomaly_celsius,precipitation_mm,heat_wave_days,drought_indicator,flood_indicator,extreme_weather_events,pm25_ugm3,air_quality_index,respiratory_disease_rate,cardio_mortality_rate,vector_disease_risk_score,waterborne_disease_incidents,heat_related_admissions,healthcare_access_index,gdp_per_capita_usd,mental_health_index,food_security_index,avg_weekly_temp,max_hourly_temp,extreme_heat_hours,avg_humidity,avg_aerosol_depth,max_aerosol_depth
Argentina,1,-38.41,-63.61,45.0,4.47,0.2825,63.825,0.0,0.0,0.0,0.0,52.9,77.0,74.15,26.6,4.375,22.825,5.325,62.275,15609.0,69.025,92.725,27.682261904761905,39.51,51.25,36.19702380952381,0.16181547619047618,0.36250000000000004
Argentina,2,-38.41,-63.61,45.0,6.460000000000001,0.1275,107.225,0.5,0.0,0.0,0.5,23.799999999999997,38.25,50.3,30.5,6.55,20.725,15.075,60.675,15631.0,67.9,95.725,25.49129464285714,37.885,32.5,41.64895833333333,0.11988095238095223,0.325
Argentina,3,-38.41,-63.61,45.0,10.508,0.708,128.56,0.8,0.0,0.2,1.0,29.9,38.2,63.279999999999994,31.839999999999996,8.959999999999999,25.46,23.380000000000003,60.36,15653.0,69.26,90.24,17.90197619047619,29.036,1.4,67.36205952380952,0.12754761904761897,0.504
Argentina,4,-38.41,-63.61,45.0,11.254999999999999,0.10249999999999998,114.69999999999999,0.0,0.0,0.0,0.0,42.85,57.75,60.075,27.1,4.65,25.325,20.55,60.825,15674.0,65.45,92.95,14.255342261904762,23.6175,0.0,73.1978869047619,0.07107142857142848,0.33
Argentina,5,-38.41,-63.61,45.0,6.7375,0.245,94.875,0.25,0.0,0.0,0.25,38.95,63.25,63.025,34.175,4.125,20.299999999999997,15.450000000000001,62.925,15696.0,71.85,95.7,11.111324404761906,21.119999999999997,0.0,70.01294642857144,0.047142857142857,0.215
Argentina,6,-38.41,-63.61,45.0,2.564,0.11000000000000001,67.14,0.0,0.0,0.0,0.0,39.4,54.2,60.86,30.860000000000003,5.140000000000001,20.06,3.62,64.42,15718.0,73.74,94.36,6.3602976190476195,15.669999999999998,0.0,75.20880952380953,0.06086904761904758,0.284
Argentina,7,-38.41,-63.61,45.0,1.3399999999999999,0.14,65.975,0.0,0.0,0.0,0.0,47.400000000000006,85.5,61.1,26.9,4.475,22.775,1.2999999999999998,59.925,15739.0,66.625,94.25,7.763675595238095,16.615000000000002,0.0,81.80675595238095,0.1129315476190476,0.475
Argentina,8,-38.41,-63.61,45.0,-2.938,0.26799999999999996,47.56,0.0,0.0,0.0,0.0,61.5,81.2,74.84,30.560000000000002,7.68,21.419999999999998,0.42000000000000004,61.98,15761.0,68.53999999999999,96.8,9.465416666666666,21.07,0.0,68.82853571428572,0.10744047619047607,0.396
Argentina,9,-38.41,-63.61,45.0,-5.3325,0.4775,26.025000000000002,0.0,0.0,0.0,0.0,57.3,81.5,65.675,27.9,5.475,28.6,0.0,61.875,15783.0,69.45,98.425,14.989494047619049,26.5925,0.0,60.46883928571428,0.1480357142857143,0.6775
Argentina,10,-38.41,-63.60999999999999,45.0,-4.513333333333333,0.2733333333333333,29.8,0.0,0.0,0.0,0.0,10.433333333333334,15.666666666666666,49.53333333333333,29.733333333333334,3.8000000000000003,21.766666666666666,0.0,59.5,15804.0,71.56666666666666,88.10000000000001,16.838551587301588,30.64,0.6666666666666666,52.26039682539683,0.10589285714285711,0.4033333333333333
Argentina,11,-38.41,-63.60999999999999,45.0,-4.513333333333333,0.2733333333333333,29.8,0.0,0.0,0.0,0.0,10.433333333333334,15.666666666666666,49.53333333333333,29.733333333333334,3.8000000000000003,21.766666666666666,0.0,59.5,15804.0,71.56666666666666,88.10000000000001,16.838551587301588,30.64,0.6666666666666666,52.26039682539683,0.10589285714285711,0.4033333333333333
Argentina,12,-38.41,-63.60999999999999,45.0,-4.513333333333333,0.2733333333333333,29.8,0.0,0.0,0.0,0.0,10.433333333333334,15.666666666666666,49.53333333333333,29.733333333333334,3.8000000000000003,21.766666666666666,0.0,59.5,15804.0,71.56666666666666,88.10000000000001,16.838551587301588,30.64,0.6666666666666666,52.26039682539683,0.10589285714285711,0.4033333333333333
Australia,1,-25.27,133.77,26.0,11.6675,-0.3675,87.3,0.0,0.0,0.0,0.0,29.75,45.25,65.375,26.675,5.45,15.275,5.05,76.1,51834.0,68.475,96.525,33.37913690476191,44.3475,92.5,18.772574404761905,0.06556547619047605,0.155
Australia,2,-25.27,133.77,26.0,15.772499999999999,0.3125,80.525,0.5,0.0,0.0,0.5,39.125,66.25,68.0,30.900000000000002,2.675,19.0,13.55,78.35,51906.0,68.125,96.225,32.44952380952381,44.22,85.0,21.32705357142857,0.07267857142857143,0.21250000000000002
Australia,3,-25.27,133.77,26.0,17.082,0.20000000000000004,113.08,0.0,0.0,0.0,0.0,46.44,66.2,63.879999999999995,34.38,6.340000000000001,20.3,12.6,75.0,51978.0,67.8,98.0,28.054273809523814,37.656,45.6,38.97945238095238,0.13697619047619045,0.42000000000000004
Australia,4,-25.27,133.77,26.0,17.6025,0.6025,132.75,0.25,0.0,0.0,0.25,31.375,44.75,64.275,31.55,4.45,21.75,20.45,77.95,52050.0,75.1,97.675,21.440907738095234,30.5275,3.25,38.785624999999996,0.04409226190476185,0.115
Australia,5,-25.27,133.77,26.0,17.5875,0.35,112.25,0.5,0.0,0.0,0.5,48.825,71.0,67.8,32.8,3.875,18.275,21.025,76.825,52122.0,73.775,95.75,16.394077380952382,27.5125,0.0,46.2535119047619,0.0740625,0.2625
Australia,6,-25.27,133.77,26.0,13.557999999999998,0.446,86.72,0.2,0.0,0.0,0.2,49.72,75.0,66.58,32.36,2.94,17.32,12.76,78.8,52194.0,66.5,95.08,13.202869047619046,24.324,0.0,50.60964285714286,0.04226190476190468,0.08
Australia,7,-25.27,133.77,26.0,7.5575,0.28,91.05000000000001,0.0,0.0,0.0,0.0,46.075,72.25,62.15,34.75,5.475,22.625,3.2,78.275,52266.0,73.125,92.95,11.713169642857142,24.8025,0.0,45.30297619047619,0.05361607142857138,0.1325
Australia,8,-25.27,133.77,26.0,3.918,0.384,45.6,0.0,0.0,0.0,0.0,58.279999999999994,82.0,66.46000000000001,32.44,7.140000000000001,16.119999999999997,0.0,78.22,52338.0,71.1,94.92,14.652035714285713,29.442,2.2,37.050309523809524,0.06097619047619042,0.168
Australia,9,-25.27,133.77,26.0,2.2775,0.13,54.275,0.0,0.0,0.0,0.0,65.1,101.5,73.875,33.625,5.35,22.875,0.0,77.45,52410.0,67.64999999999999,98.05000000000001,20.103199404761906,35.385,8.5,31.205907738095238,0.06437499999999982,0.2025
Australia,10,-25.27,133.77,26.0,2.2266666666666666,0.33666666666666667,39.333333333333336,0.0,0.0,0.0,0.0,66.39999999999999,74.0,72.8,31.3,3.9,19.766666666666666,0.0,78.89999999999999,52481.0,69.89999999999999,99.8,27.68271825396825,40.550000000000004,48.666666666666664,26.464583333333337,0.0817063492063492,0.23666666666666666
Australia,11,-25.27,133.77,26.0,2.2266666666666666,0.33666666666666667,39.333333333333336,0.0,0.0,0.0,0.0,66.39999999999999,74.0,72.8,31.3,3.9,19.766666666666666,0.0,78.89999999999999,52481.0,69.89999999999999,99.8,27.68271825396825,40.550000000000004,48.666666666666664,26.464583333333337,0.0817063492063492,0.23666666666666666
Australia,12,-25.27,133.77,26.0,2.2266666666666666,0.33666666666666667,39.333333333333336,0.0,0.0,0.0,0.0,66.39999999999999,74.0,72.8,31.3,3.9,19.766666666666666,0.0,78.89999999999999,52481.0,69.89999999999999,99.8,27.68271825396825,40.550000000000004,48.666666666666664,26.464583333333337,0.0817063492063492,0.23666666666666666
Bangladesh,1,23.68,90.35,165.0,13.6075,0.305,108.22500000000001,0.0,0.0,0.0,0.0,114.675,176.75,88.525,31.9,2.825,23.675,4.4,37.625,1877.0,68.4,84.15,18.559136904761903,26.1075,0.0,72.53534226190476,0.8865029761904764,1.7325
Bangladesh,2,23.68,90.35,165.0,16.875,0.62,94.925,0.25,0.0,0.0,0.25,90.6,127.25,84.8,36.400000000000006,6.449999999999999,29.1,17.0,38.175,1880.0,71.925,81.325,22.36028273809524,30.94,0.75,58.356904761904765,0.8910565476190474,1.9325
Bangladesh,3,23.68,90.35,165.0,19.16,0.35,114.46,0.2,0.0,0.0,0.2,95.62,136.2,75.14,30.1,19.68,25.14,24.0,36.38,1883.0,73.53999999999999,86.52000000000001,27.768904761904764,37.572,44.0,54.97736904761905,0.7524880952380953,1.44
Bangladesh,4,23.68,90.35,165.0,18.34,0.2225,105.925,0.75,0.0,0.0,0.75,87.1,139.25,77.875,34.4,11.975,26.25,21.825000000000003,37.125,1885.0,70.725,86.2,29.213809523809523,36.347500000000004,42.5,68.11123511904762,0.9346130952380951,1.665
Bangladesh,5,23.68,90.35,165.0,16.6975,0.3575,104.725,0.25,0.0,0.0,0.25,98.2,155.5,80.775,31.125,4.7,26.7,15.274999999999999,38.825,1888.0,68.35,84.0,29.500238095238096,36.1075,37.5,79.03938988095237,0.8808482142857144,2.15
Bangladesh,6,23.68,90.35,165.0,13.49,0.41600000000000004,79.97999999999999,0.4,0.0,0.0,0.4,96.66,146.6,84.17999999999999,35.239999999999995,5.319999999999999,24.4,8.6,36.68,1890.0,68.34,88.03999999999999,28.59563095238095,32.308,9.4,88.80580952380953,0.6234761904761903,1.1880000000000002
Bangladesh,7,23.68,90.35,165.0,8.71,-0.1,91.175,0.0,0.0,0.0,0.0,110.425,164.75,87.0,29.775,5.050000000000001,28.025000000000002,1.425,36.8,1893.0,69.0,88.05,28.338482142857142,32.0175,3.0,90.38980654761905,0.5797321428571428,1.21
Bangladesh,8,23.68,90.35,165.0,5.792,-0.34199999999999997,48.739999999999995,0.0,0.0,0.0,0.0,114.08,171.6,77.0,28.52,4.4799999999999995,25.660000000000004,0.0,34.92,1896.0,65.22,85.0,28.030071428571432,31.65,1.2,89.82754761904762,0.5841071428571428,1.1
Bangladesh,9,23.68,90.35,165.0,4.355,-0.04000000000000001,60.175,0.0,0.0,0.0,0.0,95.97500000000001,137.75,80.875,28.674999999999997,4.824999999999999,30.9,0.0,38.45,1898.0,68.15,85.65,27.922752976190477,31.5825,0.75,89.68837797619048,0.6923660714285713,1.67
Bangladesh,10,23.679999999999996,90.34999999999998,165.0,2.5166666666666666,0.44333333333333336,54.699999999999996,0.0,0.0,0.0,0.0,109.10000000000001,161.33333333333334,89.73333333333333,32.13333333333333,3.9,29.7,0.0,39.63333333333333,1901.0,74.23333333333333,89.3,26.77795634920635,31.34,0.0,84.65107142857143,0.5347023809523809,1.1133333333333333
Bangladesh,11,23.679999999999996,90.34999999999998,165.0,2.5166666666666666,0.44333333333333336,54.699999999999996,0.0,0.0,0.0,0.0,109.10000000000001,161.33333333333334,89.73333333333333,32.13333333333333,3.9,29.7,0.0,39.63333333333333,1901.0,74.23333333333333,89.3,26.77795634920635,31.34,0.0,84.65107142857143,0.5347023809523809,1.1133333333333333
Bangladesh,12,23.679999999999996,90.34999999999998,165.0,2.5166666666666666,0.44333333333333336,54.699999999999996,0.0,0.0,0.0,0.0,109.10000000000001,161.33333333333334,89.73333333333333,32.13333333333333,3.9,29.7,0.0,39.63333333333333,1901.0,74.23333333333333,89.3,26.77795634920635,31.34,0.0,84.65107142857143,0.5347023809523809,1.1133333333333333
Brazil,1,-14.23,-51.92,213.0,19.095,0.04499999999999999,59.875,0.25,0.0,0.0,0.25,44.05,66.75,65.75,27.475,11.5,24.4,7.2,63.8,15977.0,72.075,92.69999999999999,26.17815476190476,31.615,1.5,85.24160714285715,0.2481994047619047,0.4125
Brazil,2,-14.23,-51.92,213.0,20.4375,0.56,94.975,0.0,0.0,0.0,0.0,28.275,37.5,58.575,31.775000000000002,25.975,22.6,11.275,67.45,15999.0,73.14999999999999,92.375,26.142127976190476,32.269999999999996,6.0,81.97261904761905,0.2062648809523808,0.46499999999999997
Brazil,3,-14.23,-51.92,213.0,23.413999999999998,0.18400000000000002,111.75999999999999,0.4,0.0,0.0,0.4,26.080000000000002,38.6,52.48,38.519999999999996,41.2,17.56,16.080000000000002,62.959999999999994,16021.0,67.4,95.46000000000001,27.07314285714286,33.37,15.6,78.42570238095239,0.16578571428571434,0.324
Brazil,4,-14.23,-51.92,213.0,23.7075,0.28250000000000003,112.025,0.25,0.0,0.0,0.25,25.6,47.0,54.05,32.275,45.625,27.5,17.05,65.375,16043.0,69.0,94.475,27.81403273809524,34.915,33.25,73.61916666666667,0.16665178571428568,0.31
Brazil,5,-14.23,-51.92,213.0,21.775,0.27749999999999997,105.60000000000001,0.0,0.0,0.0,0.0,56.1,77.25,64.6,34.825,32.85,21.15,11.675,63.974999999999994,16065.0,71.375,95.9,28.533273809523813,37.195,53.0,46.75385416666667,0.10787202380952372,0.1875
Brazil,6,-14.23,-51.92,213.0,20.062,0.088,105.84,0.4,0.0,0.0,0.4,42.38,63.8,69.46,33.0,20.5,18.660000000000004,9.84,66.17999999999999,16087.0,70.53999999999999,96.44,26.864214285714286,35.872,39.4,50.095059523809525,0.12595238095238082,0.22200000000000003
Brazil,7,-14.23,-51.92,213.0,14.74,0.575,34.025000000000006,0.0,0.5,0.0,0.5,45.175,64.25,57.474999999999994,28.375,4.0,25.2,1.375,62.525,16110.0,67.325,87.19999999999999,27.58291666666667,36.77,48.75,32.46467261904762,0.11931547619047612,0.16999999999999998
Brazil,8,-14.23,-51.92,213.0,11.964,0.126,62.04,0.0,0.0,0.0,0.0,61.8,93.0,71.4,28.46,2.48,23.52,0.0,63.379999999999995,16132.0,70.74,92.58,29.753095238095238,39.172,61.6,26.159940476190474,0.15922619047619052,0.28200000000000003
Brazil,9,-14.23,-51.92,213.0,10.24,0.047500000000000014,67.85,0.0,0.0,0.0,0.0,72.675,116.75,66.975,32.475,7.0,27.85,0.0,66.7,16154.0,68.175,91.225,32.86302083333333,41.8675,82.25,30.068392857142857,0.2837351190476189,0.515
Brazil,10,-14.229999999999999,-51.919999999999995,213.0,7.886666666666667,-0.016666666666666646,53.96666666666667,0.0,0.0,0.0,0.0,57.333333333333336,89.0,62.199999999999996,27.666666666666668,4.866666666666666,19.166666666666668,0.0,61.73333333333333,16176.0,67.10000000000001,96.63333333333333,31.96452380952381,41.10666666666666,77.33333333333333,42.30347222222222,0.2735119047619048,0.57
Brazil,11,-14.229999999999999,-51.919999999999995,213.0,7.886666666666667,-0.016666666666666646,53.96666666666667,0.0,0.0,0.0,0.0,57.333333333333336,89.0,62.199999999999996,27.666666666666668,4.866666666666666,19.166666666666668,0.0,61.73333333333333,16176.0,67.10000000000001,96.63333333333333,31.96452380952381,41.10666666666666,77.33333333333333,42.30347222222222,0.2735119047619048,0.57
Brazil,12,-14.229999999999999,-51.919999999999995,213.0,7.886666666666667,-0.016666666666666646,53.96666666666667,0.0,0.0,0.0,0.0,57.333333333333336,89.0,62.199999999999996,27.666666666666668,4.866666666666666,19.166666666666668,0.0,61.73333333333333,16176.0,67.10000000000001,96.63333333333333,31.96452380952381,41.10666666666666,77.33333333333333,42.30347222222222,0.2735119047619048,0.57
Canada,1,56.13,-106.34,38.0,-6.015,0.28500000000000003,67.775,0.0,0.0,0.0,0.0,41.65,75.0,55.175,31.200000000000003,3.7249999999999996,12.8,6.4,87.2,45495.0,70.825,98.05,-18.205223214285713,-2.63,0.0,99.43072916666665,0.01886904761904755,0.11750000000000001
Canada,2,56.13,-106.34,38.0,-3.55,0.235,91.9,0.0,0.0,0.0,0.0,36.05,57.0,50.95,32.6,8.299999999999999,22.175,13.0,86.15,45559.0,71.925,99.05,-23.368035714285714,-10.922500000000001,0.0,99.24473214285713,0.025252976190476124,0.14250000000000002
Canada,3,56.13000000000001,-106.34,38.0,0.178,0.364,128.72,1.0,0.0,0.0,1.0,38.760000000000005,52.8,65.47999999999999,33.260000000000005,5.46,16.240000000000002,29.4,87.66,45622.0,65.92,99.26,-12.796285714285712,-3.14,0.0,99.05939285714285,0.0396309523809523,0.22000000000000003
Canada,4,56.13,-106.34,38.0,-1.1625,0.28500000000000003,121.6,0.5,0.0,0.0,0.5,27.85,45.5,56.875,32.125,4.025,12.25,18.575,87.95,45685.0,68.4,97.825,0.7710863095238095,12.3125,0.0,84.16318452380952,0.13377976190476187,0.4075
Canada,5,56.13,-106.34,38.0,-1.07,-0.21999999999999997,83.95,0.75,0.0,0.0,0.75,41.125,62.25,66.85,26.0,4.275,21.6,18.525,84.925,45748.0,66.15,97.825,11.108258928571429,21.6125,0.0,71.81205357142858,0.20452380952380944,0.71
Canada,6,56.13000000000001,-106.34,38.0,-5.962000000000001,0.476,79.16,0.0,0.0,0.0,0.0,47.82,71.4,66.02000000000001,36.019999999999996,6.0600000000000005,19.580000000000002,4.54,85.82000000000001,45811.0,70.3,97.24,13.225880952380953,22.746,0.0,74.8779523809524,0.40026190476190476,1.238
Canada,7,56.13,-106.34,38.0,-11.475,0.04500000000000001,86.225,0.0,0.0,0.0,0.0,62.7,101.25,69.45,30.9,4.025,16.575,0.8,85.575,45874.0,71.45,98.65,15.994627976190475,26.16,0.0,69.27691964285714,0.47793154761904766,2.1100000000000003
Canada,8,56.13000000000001,-106.34,38.0,-13.95,0.0040000000000000036,33.660000000000004,0.0,0.0,0.0,0.0,53.2,88.4,56.660000000000004,31.860000000000003,5.64,15.14,0.0,88.04,45937.0,68.28,97.67999999999999,14.84907142857143,25.384,0.0,79.21570238095238,0.41085714285714275,1.7060000000000002
Canada,9,56.13,-106.34,38.0,-16.302500000000002,-0.0175,28.849999999999998,0.0,0.0,0.0,0.0,45.75,86.5,58.85000000000001,30.775,7.575,20.575,0.0,84.675,46000.0,70.35,97.525,12.53434523809524,22.29,0.0,80.3370982142857,0.17636904761904748,0.6325000000000001
Canada,10,56.13,-106.33999999999999,38.0,-17.423333333333332,0.19000000000000003,38.1,0.0,0.0,0.0,0.0,54.6,93.66666666666667,69.56666666666668,33.199999999999996,5.466666666666666,17.066666666666666,0.0,85.3,46063.0,68.93333333333334,100.0,2.133015873015873,12.43,0.0,84.23849206349207,0.049563492063492004,0.20333333333333334
Canada,11,56.13,-106.33999999999999,38.0,-17.423333333333332,0.19000000000000003,38.1,0.0,0.0,0.0,0.0,54.6,93.66666666666667,69.56666666666668,33.199999999999996,5.466666666666666,17.066666666666666,0.0,85.3,46063.0,68.93333333333334,100.0,2.133015873015873,12.43,0.0,84.23849206349207,0.049563492063492004,0.20333333333333334
Canada,12,56.13,-106.33999999999999,38.0,-17.423333333333332,0.19000000000000003,38.1,0.0,0.0,0.0,0.0,54.6,93.66666666666667,69.56666666666668,33.199999999999996,5.466666666666666,17.066666666666666,0.0,85.3,46063.0,68.93333333333334,100.0,2.133015873015873,12.43,0.0,84.23849206349207,0.049563492063492004,0.20333333333333334
China,1,35.86,104.19,1411.0,6.8325,-0.41,84.475,0.0,0.0,0.0,0.0,35.075,66.0,58.175,30.9,2.875,19.0,5.975,73.9,13902.0,70.975,95.0,-5.362723214285714,5.04,0.0,66.20311011904761,0.1942113095238095,0.7549999999999999
China,2,35.86,104.19,1411.0,8.775,0.3675,110.5,0.0,0.0,0.0,0.0,38.525,52.0,62.45,33.95,2.875,19.174999999999997,6.775,72.725,13922.0,68.325,94.75,-4.103809523809524,7.62,0.0,64.51366071428572,0.4124553571428571,1.5375
China,3,35.86,104.19000000000001,1411.0,10.742,0.0020000000000000018,143.7,0.4,0.0,0.0,0.4,20.779999999999998,8.2,58.6,31.76,4.68,19.3,19.18,74.2,13941.0,67.9,94.96000000000001,1.4648452380952381,15.45,0.0,52.136,0.4145119047619046,1.384
China,4,35.86,104.19,1411.0,10.945,0.98,89.975,0.25,0.0,0.0,0.25,34.175,51.5,59.8,36.9,6.85,17.675,19.15,73.275,13960.0,66.25,98.325,10.335029761904762,24.35,0.0,44.99107142857143,0.38130952380952376,1.4949999999999999
China,5,35.86,104.19,1411.0,9.9675,0.36750000000000005,106.625,0.25,0.0,0.0,0.25,68.85,107.75,69.875,34.65,5.15,24.65,17.725,77.15,13979.0,69.5,97.95,14.343154761904763,26.7875,0.0,50.94997023809524,0.49534226190476194,1.61
China,6,35.86,104.19000000000001,1411.0,5.81,0.15800000000000003,108.14000000000001,0.0,0.0,0.0,0.0,44.96,74.0,58.8,34.839999999999996,4.779999999999999,21.52,6.58,75.08,13999.0,66.86,93.92,17.620797619047618,28.201999999999998,0.0,59.12198809523809,0.4659880952380953,1.4140000000000001
China,7,35.86,104.19,1411.0,1.385,-0.042500000000000024,45.0,0.0,0.0,0.0,0.0,45.9,66.75,68.825,34.325,3.2,17.875,0.0,72.85,14018.0,72.575,94.4,22.034880952380952,31.46,1.0,67.56366071428572,0.40988095238095235,1.2075
China,8,35.86,104.19000000000001,1411.0,-2.444,0.744,65.96000000000001,0.0,0.0,0.0,0.0,43.339999999999996,68.2,50.040000000000006,34.260000000000005,3.2399999999999998,18.740000000000002,0.0,76.76,14037.0,70.76,96.53999999999999,18.507107142857144,29.476,0.0,69.22520238095237,0.4833333333333332,1.7119999999999997
China,9,35.86,104.19,1411.0,-3.66,0.20750000000000002,33.95,0.0,0.25,0.0,0.25,62.625,82.25,71.8,30.475,5.875,15.575,0.0,75.025,14057.0,69.4,92.825,14.087931547619046,24.27,0.0,72.76089285714286,0.5023958333333333,1.2149999999999999
China,10,35.86,104.19,1411.0,-2.8266666666666667,0.7733333333333334,44.76666666666667,0.0,0.0,0.0,0.0,51.06666666666666,74.66666666666667,69.86666666666666,36.06666666666666,8.866666666666667,21.566666666666663,0.0,74.39999999999999,14076.0,73.5,95.7,7.192242063492063,16.76,0.0,81.64128968253969,0.5663293650793652,1.24
China,11,35.86,104.19,1411.0,-2.8266666666666667,0.7733333333333334,44.76666666666667,0.0,0.0,0.0,0.0,51.06666666666666,74.66666666666667,69.86666666666666,36.06666666666666,8.866666666666667,21.566666666666663,0.0,74.39999999999999,14076.0,73.5,95.7,7.192242063492063,16.76,0.0,81.64128968253969,0.5663293650793652,1.24
China,12,35.86,104.19,1411.0,-2.8266666666666667,0.7733333333333334,44.76666666666667,0.0,0.0,0.0,0.0,51.06666666666666,74.66666666666667,69.86666666666666,36.06666666666666,8.866666666666667,21.566666666666663,0.0,74.39999999999999,14076.0,73.5,95.7,7.192242063492063,16.76,0.0,81.64128968253969,0.5663293650793652,1.24
Colombia,1,4.57,-74.29,51.0,23.585,0.6900000000000001,88.35,0.0,0.0,0.0,0.0,22.425,38.25,56.175,35.45,45.6,20.975,2.3,69.025,10318.0,69.125,93.975,19.012886904761906,25.7825,0.0,76.06391369047618,0.3134077380952381,0.5275
Colombia,2,4.57,-74.29,51.0,28.165,0.05499999999999999,103.2,0.5,0.0,0.0,0.5,31.15,43.25,61.25,32.05,61.65,25.825,17.4,71.05,10332.0,71.3,96.75,19.22096726190476,25.36,0.0,81.92269345238095,0.39532738095238096,0.73
Colombia,3,4.57,-74.29,51.0,28.810000000000002,0.508,108.16,0.8,0.0,0.0,0.8,15.3,26.6,52.42,32.86,62.04,21.82,19.259999999999998,67.47999999999999,10346.0,65.56,97.72,19.083750000000002,25.586,0.0,83.76608333333334,0.5069166666666667,0.9179999999999999
Colombia,4,4.57,-74.29,51.0,29.365000000000002,0.18,100.075,0.75,0.0,0.0,0.75,37.875,63.5,66.375,27.375,56.85,21.425,21.025,71.575,10361.0,69.975,93.2,19.132752976190478,24.8925,0.0,83.1408630952381,0.3694196428571429,0.685
Colombia,5,4.57,-74.29,51.0,27.0875,0.2725,123.425,0.5,0.0,0.0,0.5,21.375,28.5,62.65,32.625,49.225,24.974999999999998,11.425,70.775,10375.0,70.1,95.025,18.607053571428573,24.04,0.0,83.82261904761904,0.31968750000000007,0.5800000000000001
Colombia,6,4.57,-74.29,51.0,25.73,0.446,86.5,0.2,0.0,0.0,0.2,43.8,62.4,63.260000000000005,35.86,46.78,18.9,10.82,68.32000000000001,10389.0,69.04,94.8,18.412821428571426,23.857999999999997,0.0,81.67413095238095,0.3444880952380952,0.6439999999999999
Colombia,7,4.57,-74.29,51.0,19.802500000000002,0.185,75.4,0.0,0.0,0.0,0.0,58.175,79.25,74.675,26.475,16.675,20.975,0.35,69.825,10404.0,74.65,96.8,18.297886904761906,24.305,0.0,79.25162202380952,0.3489434523809524,0.625
Colombia,8,4.57,-74.29,51.0,17.026,0.128,59.46,0.0,0.0,0.0,0.0,33.1,49.4,66.52000000000001,34.660000000000004,3.3600000000000003,22.779999999999998,0.0,70.24000000000001,10418.0,68.5,96.88,18.686880952380953,24.676,0.0,78.03339285714284,0.33061904761904765,0.638
Colombia,9,4.57,-74.29,51.0,14.1025,0.51,37.0,0.0,0.0,0.0,0.0,56.8,78.0,65.8,30.425,5.05,24.175,0.0,69.2,10432.0,67.19999999999999,97.6,18.757916666666667,24.9775,0.0,78.40581845238094,0.3254315476190476,0.5700000000000001
Colombia,10,4.57,-74.29,51.0,14.266666666666666,0.04333333333333334,39.266666666666666,0.0,0.0,0.0,0.0,41.63333333333333,52.0,64.8,31.900000000000002,5.633333333333333,16.933333333333334,0.0,71.43333333333334,10446.0,63.93333333333334,95.36666666666667,18.48355158730159,24.373333333333335,0.0,82.52337301587302,0.29464285714285704,0.5466666666666667
Colombia,11,4.57,-74.29,51.0,14.266666666666666,0.04333333333333334,39.266666666666666,0.0,0.0,0.0,0.0,41.63333333333333,52.0,64.8,31.900000000000002,5.633333333333333,16.933333333333334,0.0,71.43333333333334,10446.0,63.93333333333334,95.36666666666667,18.48355158730159,24.373333333333335,0.0,82.52337301587302,0.29464285714285704,0.5466666666666667
Colombia,12,4.57,-74.29,51.0,14.266666666666666,0.04333333333333334,39.266666666666666,0.0,0.0,0.0,0.0,41.63333333333333,52.0,64.8,31.900000000000002,5.633333333333333,16.933333333333334,0.0,71.43333333333334,10446.0,63.93333333333334,95.36666666666667,18.48355158730159,24.373333333333335,0.0,82.52337301587302,0.29464285714285704,0.5466666666666667
Egypt,1,26.82,30.8,102.0,9.9,0.48,76.025,0.0,0.0,0.0,0.0,79.775,123.0,74.75,31.125,5.55,29.45,3.425,41.225,4540.0,70.075,88.525,13.962663690476191,23.3975,0.0,56.170877976190475,0.2736011904761904,0.5425
Egypt,2,26.82,30.8,102.0,14.81,0.07,61.675,0.25,0.0,0.0,0.25,89.2,130.5,73.6,31.65,2.7,23.825,10.4,39.95,4546.0,71.35,85.475,11.790997023809524,21.885,0.0,49.900550595238094,0.24913690476190478,0.48250000000000004
Egypt,3,26.82,30.8,102.0,17.201999999999998,-0.07799999999999999,98.56,0.4,0.0,0.0,0.4,109.24000000000001,162.4,80.72,29.8,5.0200000000000005,33.14,15.419999999999998,40.82,4552.0,73.67999999999999,87.1,19.019035714285714,32.46,8.8,34.885547619047614,0.3572619047619046,0.986
Egypt,4,26.82,30.8,102.0,16.5125,0.26,137.275,0.25,0.0,0.25,0.5,80.925,119.5,82.7,34.55,7.525,32.45,21.8,38.45,4559.0,64.55,76.82499999999999,22.951547619047616,37.495000000000005,16.25,28.55388392857143,0.5039583333333335,1.385
Egypt,5,26.82,30.8,102.0,15.4075,0.11500000000000002,91.625,0.75,0.0,0.0,0.75,103.875,145.5,76.625,32.875,4.95,25.95,19.125,38.375,4565.0,70.2,88.475,27.222619047619048,41.25,44.75,24.92171130952381,0.4984821428571428,1.5125
Egypt,6,26.82,30.8,102.0,10.95,0.18200000000000002,110.96,0.0,0.0,0.0,0.0,91.88,132.8,81.47999999999999,34.18,5.12,26.72,3.22,38.82,4571.0,69.16,86.6,28.656285714285712,37.494,55.6,27.24403571428571,0.4027738095238095,0.752
Egypt,7,26.82,30.8,102.0,7.5525,0.28750000000000003,57.1,0.0,0.0,0.0,0.0,106.14999999999999,155.5,92.75,31.0,4.175,29.425,0.85,44.15,4577.0,68.65,91.825,31.013035714285714,40.4425,70.5,24.974136904761902,0.4097172619047619,0.665
Egypt,8,26.82,30.8,102.0,1.968,0.13999999999999999,52.64,0.0,0.0,0.0,0.0,110.7,165.0,84.56,28.9,1.8199999999999998,30.3,0.0,41.04,4584.0,66.74,92.1,30.71852380952381,40.066,68.6,31.113416666666666,0.44211904761904763,0.756
Egypt,9,26.82,30.8,102.0,1.5775,0.2825,47.400000000000006,0.0,0.0,0.0,0.0,99.3,148.25,74.4,34.025,6.225,24.225,0.0,40.125,4590.0,67.85,86.325,26.7428125,36.0175,36.5,38.24278273809524,0.3273660714285715,0.665
Egypt,10,26.820000000000004,30.8,102.0,2.106666666666667,-0.20333333333333334,57.96666666666667,0.0,0.0,0.0,0.0,122.3,179.33333333333334,94.06666666666666,30.233333333333334,4.0,27.2,0.0,39.0,4596.0,66.53333333333333,87.96666666666665,23.162777777777777,33.26,8.666666666666666,40.139563492063495,0.3046825396825395,0.57
Egypt,11,26.820000000000004,30.8,102.0,2.106666666666667,-0.20333333333333334,57.96666666666667,0.0,0.0,0.0,0.0,122.3,179.33333333333334,94.06666666666666,30.233333333333334,4.0,27.2,0.0,39.0,4596.0,66.53333333333333,87.96666666666665,23.162777777777777,33.26,8.666666666666666,40.139563492063495,0.3046825396825395,0.57
Egypt,12,26.820000000000004,30.8,102.0,2.106666666666667,-0.20333333333333334,57.96666666666667,0.0,0.0,0.0,0.0,122.3,179.33333333333334,94.06666666666666,30.233333333333334,4.0,27.2,0.0,39.0,4596.0,66.53333333333333,87.96666666666665,23.162777777777777,33.26,8.666666666666666,40.139563492063495,0.3046825396825395,0.57
France,1,46.22,2.21,65.0,0.8624999999999999,0.365,92.675,0.0,0.0,0.0,0.0,43.025,54.0,55.3,33.550000000000004,5.95,23.35,4.25,85.4,71958.0,70.1,99.025,2.5844642857142857,9.36,0.0,90.57717261904762,0.07580357142857137,0.23
France,2,46.22,2.21,65.0,3.9074999999999998,0.25,102.15,0.0,0.0,0.0,0.0,20.875,23.25,55.425,30.1,5.775,12.875,9.999999999999998,87.625,72057.0,71.025,97.575,4.330535714285714,12.2075,0.0,85.74672619047618,0.13261904761904758,0.53
France,3,46.22,2.21,65.0,5.144,0.4,110.08,0.4,0.0,0.0,0.4,33.58,56.0,62.260000000000005,32.72,4.04,13.66,18.68,87.56,72157.0,71.72,99.36,6.735535714285715,15.754,0.0,82.85249999999999,0.17251190476190478,0.472
France,4,46.22,2.21,65.0,4.38,-0.15749999999999997,145.375,0.0,0.0,0.0,0.0,30.325,40.25,67.825,28.424999999999997,3.575,18.775,11.625,84.15,72257.0,71.55,99.75,11.084017857142857,19.6575,0.0,76.35869047619047,0.18851190476190466,0.5625
France,5,46.22,2.21,65.0,3.4175,0.1825,106.025,0.25,0.0,0.0,0.25,59.875,90.5,69.675,27.25,5.5,18.825,11.5,85.725,72357.0,70.125,99.2,13.685773809523809,23.3525,0.0,70.48080357142857,0.2332738095238095,0.6775
France,6,46.22,2.21,65.0,-0.2,0.132,63.94,0.0,0.0,0.0,0.0,55.96,82.6,62.720000000000006,25.259999999999998,2.8600000000000003,19.98,4.279999999999999,87.32000000000001,72457.0,71.97999999999999,98.55999999999999,21.635464285714285,32.806,12.2,59.021095238095235,0.31213095238095234,0.844
France,7,46.22,2.21,65.0,-4.055,0.6975,94.85,0.0,0.0,0.0,0.0,38.95,69.75,58.275,30.025,5.775,20.1,0.9249999999999999,89.9,72556.0,68.5,96.075,19.590877976190477,29.485,0.75,56.55410714285715,0.28312499999999996,0.725
France,8,46.22,2.21,65.0,-8.203999999999999,0.33199999999999996,53.17999999999999,0.0,0.0,0.0,0.0,50.019999999999996,76.0,66.28,32.980000000000004,5.359999999999999,16.52,0.0,86.76,72656.0,70.97999999999999,93.06,21.12892857142857,33.496,14.8,51.567499999999995,0.28452380952380957,0.772
France,9,46.22,2.21,65.0,-10.71,0.16000000000000003,69.65,0.0,0.0,0.0,0.0,54.725,71.75,69.375,32.125,3.225,16.45,0.0,85.675,72756.0,74.65,100.0,13.986949404761905,25.9425,1.0,68.71446428571429,0.2036309523809523,0.4875
France,10,46.22,2.21,65.0,-11.553333333333333,0.21333333333333335,51.93333333333334,0.0,0.0,0.0,0.0,55.0,90.66666666666667,64.96666666666667,30.96666666666667,4.433333333333334,19.066666666666666,0.0,83.86666666666666,72856.0,69.26666666666667,100.0,11.149503968253969,21.03,0.0,79.6664880952381,0.09682539682539683,0.21333333333333335
France,11,46.22,2.21,65.0,-11.553333333333333,0.21333333333333335,51.93333333333334,0.0,0.0,0.0,0.0,55.0,90.66666666666667,64.96666666666667,30.96666666666667,4.433333333333334,19.066666666666666,0.0,83.86666666666666,72856.0,69.26666666666667,100.0,11.149503968253969,21.03,0.0,79.6664880952381,0.09682539682539683,0.21333333333333335
France,12,46.22,2.21,65.0,-11.553333333333333,0.21333333333333335,51.93333333333334,0.0,0.0,0.0,0.0,55.0,90.66666666666667,64.96666666666667,30.96666666666667,4.433333333333334,19.066666666666666,0.0,83.86666666666666,72856.0,69.26666666666667,100.0,11.149503968253969,21.03,0.0,79.6664880952381,0.09682539682539683,0.21333333333333335
Germany,1,51.16,10.45,83.0,-4.0625,-0.009999999999999995,107.225,0.0,0.0,0.0,0.0,47.85,88.5,62.925,30.9,5.8,16.05,7.625,85.85,77661.0,73.575,95.925,0.6326934523809523,7.2325,0.0,93.19674107142856,0.12269345238095233,0.34
Germany,2,51.16,10.45,83.0,-0.10499999999999998,0.7925,93.675,0.25,0.0,0.0,0.25,48.2,85.25,59.525000000000006,36.025,3.85,19.275,9.4,86.1,77768.0,72.67500000000001,97.625,-0.21678571428571414,6.9175,0.0,91.82931547619047,0.2384970238095238,0.7375
Germany,3,51.16,10.45,83.0,0.9179999999999999,0.22800000000000004,130.45999999999998,0.4,0.0,0.0,0.4,39.14,58.0,63.96,31.860000000000003,2.54,15.580000000000002,17.36,86.42,77876.0,71.32,97.28,5.487595238095238,16.759999999999998,0.0,78.84876190476191,0.22090476190476185,0.538
Germany,4,51.16,10.45,83.0,0.9125000000000001,0.49249999999999994,106.17500000000001,0.5,0.0,0.0,0.5,31.299999999999997,41.5,51.25,29.625,5.075,15.225,15.45,84.35000000000001,77984.0,68.675,99.05,10.967142857142857,22.0325,0.0,76.51647321428571,0.3191666666666665,0.855
Germany,5,51.16,10.45,83.0,0.0775,0.5625,127.3,0.75,0.0,0.0,0.75,42.275,70.25,59.925,28.325,4.75,24.425,19.1,86.97500000000001,78091.0,74.025,97.7,11.866488095238095,21.0325,0.0,72.52275297619047,0.2185416666666667,0.525
Germany,6,51.16,10.45,83.0,-2.02,-0.27,93.22,0.4,0.0,0.0,0.4,49.339999999999996,73.0,56.7,30.880000000000003,4.0200000000000005,20.0,9.22,86.6,78199.0,69.17999999999999,97.58,19.090511904761904,29.938,3.2,64.88414285714285,0.39886904761904757,1.214
Germany,7,51.16,10.45,83.0,-6.815,-0.024999999999999994,48.925,0.0,0.0,0.0,0.0,54.65,87.25,68.675,31.25,5.725,15.8,3.25,83.625,78307.0,72.175,96.95,18.040491071428573,26.55,0.0,72.43955357142858,0.40821428571428575,0.9475
Germany,8,51.16,10.45,83.0,-12.309999999999999,-0.006000000000000007,54.7,0.0,0.0,0.0,0.0,45.32,65.4,64.5,27.5,6.159999999999999,18.68,0.0,84.54,78415.0,70.56,99.47999999999999,18.527,29.407999999999998,2.8,64.46007142857142,0.27142857142857146,0.702
Germany,9,51.16,10.45,83.0,-13.635000000000002,0.41000000000000003,55.35,0.0,0.0,0.0,0.0,41.425,59.5,59.575,33.2,6.225,20.65,0.0,85.8,78522.0,67.375,99.025,12.845818452380954,23.4525,0.0,75.03982142857143,0.19129464285714287,0.4775
Germany,10,51.16,10.45,83.0,-13.046666666666667,0.20333333333333337,35.199999999999996,0.0,0.0,0.0,0.0,36.6,62.333333333333336,60.63333333333333,28.066666666666663,1.0,22.666666666666668,0.0,86.63333333333333,78630.0,68.66666666666667,100.0,9.767936507936506,15.403333333333334,0.0,88.42095238095237,0.161765873015873,0.3933333333333333
Germany,11,51.16,10.45,83.0,-13.046666666666667,0.20333333333333337,35.199999999999996,0.0,0.0,0.0,0.0,36.6,62.333333333333336,60.63333333333333,28.066666666666663,1.0,22.666666666666668,0.0,86.63333333333333,78630.0,68.66666666666667,100.0,9.767936507936506,15.403333333333334,0.0,88.42095238095237,0.161765873015873,0.3933333333333333
Germany,12,51.16,10.45,83.0,-13.046666666666667,0.20333333333333337,35.199999999999996,0.0,0.0,0.0,0.0,36.6,62.333333333333336,60.63333333333333,28.066666666666663,1.0,22.666666666666668,0.0,86.63333333333333,78630.0,68.66666666666667,100.0,9.767936507936506,15.403333333333334,0.0,88.42095238095237,0.161765873015873,0.3933333333333333
India,1,20.59,78.96,1380.0,13.4675,0.04000000000000001,105.475,0.0,0.0,0.0,0.0,85.525,135.75,83.75,30.375,4.25,24.525,1.475,48.175,2963.0,68.65,93.425,21.208020833333332,31.6475,10.25,51.11244047619047,0.5031845238095237,0.9175
India,2,20.59,78.96,1380.0,17.7775,0.51,90.75,0.25,0.0,0.0,0.25,127.075,191.0,91.775,30.549999999999997,16.725,28.2,13.35,49.9,2968.0,70.625,92.57499999999999,26.1778125,36.3875,45.0,28.80166666666667,0.3741369047619049,0.7150000000000001
India,3,20.59,78.96,1380.0,21.324,0.388,115.58,0.6,0.0,0.0,0.6,89.1,129.4,87.22,31.419999999999998,26.419999999999998,28.2,22.06,48.46,2972.0,68.1,88.74,30.624130952380956,41.086,71.4,20.90170238095238,0.5871071428571429,0.992
India,4,20.59,78.96,1380.0,20.0475,0.255,109.625,0.25,0.0,0.0,0.25,110.1,164.25,83.125,32.35,32.05,29.475,16.4,50.675,2976.0,70.19999999999999,90.4,35.41916666666667,44.667500000000004,108.5,21.43342261904762,0.522797619047619,1.24
India,5,20.59,78.96,1380.0,21.177500000000002,0.0475,106.375,0.5,0.0,0.0,0.5,96.375,147.0,70.25,30.875,19.075,28.675,24.875,48.3,2980.0,71.25,88.7,33.04683035714286,41.4475,90.5,49.57282738095238,0.8186011904761905,1.6575
India,6,20.59,78.96,1380.0,15.672,0.262,107.04,0.2,0.0,0.0,0.2,86.96000000000001,129.0,80.76,31.619999999999997,3.78,28.82,5.46,49.92,2984.0,70.3,87.64,29.781869047619047,37.702,46.2,67.46302380952382,0.8023333333333333,1.434
India,7,20.59,78.96,1380.0,11.309999999999999,-0.1825,41.475,0.0,0.0,0.0,0.0,82.525,138.5,71.975,34.3,6.125,24.025,0.0,49.675,2988.0,74.825,89.85,26.94733630952381,32.7875,9.0,83.73958333333333,0.9421130952380947,2.0025
India,8,20.59,78.96,1380.0,7.676,0.118,65.7,0.0,0.0,0.0,0.0,117.28,176.8,88.4,26.8,7.06,22.979999999999997,0.0,50.260000000000005,2992.0,64.02000000000001,89.34,26.917190476190477,31.556,1.6,85.86820238095238,0.7726190476190476,1.4460000000000002
India,9,20.59,78.96,1380.0,3.0300000000000002,0.009999999999999995,45.65,0.0,0.0,0.0,0.0,124.975,179.5,96.0,28.825,2.725,25.2,0.0,51.075,2996.0,71.25,91.375,26.549151785714287,30.8775,0.0,88.04412202380952,0.8291666666666664,1.7475
India,10,20.59,78.96,1380.0,1.6666666666666667,0.37000000000000005,51.666666666666664,0.0,0.0,0.0,0.0,125.63333333333333,199.66666666666666,84.13333333333333,31.0,5.5,26.03333333333333,0.0,48.13333333333333,3000.0,70.76666666666667,90.83333333333333,24.504563492063497,29.883333333333336,0.0,86.41571428571429,0.7138095238095241,1.7566666666666668
India,11,20.59,78.96,1380.0,1.6666666666666667,0.37000000000000005,51.666666666666664,0.0,0.0,0.0,0.0,125.63333333333333,199.66666666666666,84.13333333333333,31.0,5.5,26.03333333333333,0.0,48.13333333333333,3000.0,70.76666666666667,90.83333333333333,24.504563492063497,29.883333333333336,0.0,86.41571428571429,0.7138095238095241,1.7566666666666668
India,12,20.59,78.96,1380.0,1.6666666666666667,0.37000000000000005,51.666666666666664,0.0,0.0,0.0,0.0,125.63333333333333,199.66666666666666,84.13333333333333,31.0,5.5,26.03333333333333,0.0,48.13333333333333,3000.0,70.76666666666667,90.83333333333333,24.504563492063497,29.883333333333336,0.0,86.41571428571429,0.7138095238095241,1.7566666666666668
Indonesia,1,-0.78,113.92,274.0,28.14,0.4975,126.625,0.25,0.0,0.0,0.25,90.9,131.5,70.975,37.25,55.6,25.575,13.175,44.150000000000006,2966.0,65.325,86.25,25.61412202380952,29.4375,0.0,93.32519345238094,0.36906250000000007,1.0075
Indonesia,2,-0.78,113.92,274.0,30.14,-0.057499999999999996,126.775,0.25,0.0,0.0,0.25,93.95,140.0,85.725,34.675,67.275,25.15,13.85,45.6,2970.0,68.15,89.15,25.85061011904762,29.759999999999998,0.0,91.1679761904762,0.35958333333333325,0.6575
Indonesia,3,-0.78,113.92,274.0,31.630000000000003,0.152,91.28,0.0,0.0,0.0,0.0,95.56,137.8,83.03999999999999,27.26,70.06,28.68,11.5,44.28,2974.0,68.08,87.14,25.749714285714287,29.677999999999997,0.0,92.33992857142857,0.34238095238095234,0.754
Indonesia,4,-0.78,113.92,274.0,33.442499999999995,0.3475,135.35,1.0,0.0,0.0,1.0,88.075,133.75,72.65,30.950000000000003,75.4,26.85,22.825,45.475,2979.0,68.525,87.05,25.96657738095238,29.8275,0.0,92.42136904761905,0.34874999999999995,0.74
Indonesia,5,-0.78,113.92,274.0,30.8075,0.20999999999999996,123.7,0.75,0.0,0.0,0.75,109.575,165.0,91.675,30.174999999999997,62.825,23.875,13.674999999999999,43.4,2983.0,65.775,91.0,26.081607142857145,29.8625,0.0,92.24125000000001,0.28851190476190475,0.535
Indonesia,6,-0.78,113.92,274.0,26.651999999999997,0.316,109.6,0.0,0.0,0.0,0.0,82.34,121.4,67.03999999999999,30.9,51.04,25.06,4.96,44.46,2987.0,67.32,87.06,25.549404761904764,29.474,0.0,91.81782142857142,0.26433333333333325,0.496
Indonesia,7,-0.78,113.92,274.0,21.36,0.105,82.775,0.0,0.0,0.0,0.0,120.07499999999999,184.5,79.85,32.800000000000004,23.825,23.875,0.125,45.9,2991.0,69.75,92.225,25.666830357142857,29.72,0.0,90.8049255952381,0.27657738095238094,0.53
Indonesia,8,-0.78,113.92,274.0,19.492,-0.21600000000000003,38.12,0.0,0.0,0.0,0.0,104.5,152.8,89.72,28.18,13.64,27.119999999999997,1.4,46.519999999999996,2995.0,73.62,88.08,25.28539285714286,29.701999999999998,0.0,90.96983333333333,0.3331785714285715,0.674
Indonesia,9,-0.78,113.92,274.0,17.2925,0.285,66.3,0.0,0.0,0.0,0.0,94.05,140.5,83.9,27.3,6.675,29.4,0.0,43.95,2999.0,69.675,89.05,25.72513392857143,30.0925,0.0,90.25125,0.3243898809523809,0.7224999999999999
Indonesia,10,-0.7799999999999999,113.92,274.0,16.746666666666666,0.33666666666666667,37.4,0.0,0.0,0.0,0.0,116.93333333333334,181.0,81.33333333333333,36.300000000000004,5.166666666666667,28.73333333333333,0.0,43.6,3003.0,70.93333333333334,84.2,25.965257936507935,30.296666666666667,0.0,89.74492063492063,0.30720238095238095,0.5833333333333334
Indonesia,11,-0.7799999999999999,113.92,274.0,16.746666666666666,0.33666666666666667,37.4,0.0,0.0,0.0,0.0,116.93333333333334,181.0,81.33333333333333,36.300000000000004,5.166666666666667,28.73333333333333,0.0,43.6,3003.0,70.93333333333334,84.2,25.965257936507935,30.296666666666667,0.0,89.74492063492063,0.30720238095238095,0.5833333333333334
Indonesia,12,-0.7799999999999999,113.92,274.0,16.746666666666666,0.33666666666666667,37.4,0.0,0.0,0.0,0.0,116.93333333333334,181.0,81.33333333333333,36.300000000000004,5.166666666666667,28.73333333333333,0.0,43.6,3003.0,70.93333333333334,84.2,25.965257936507935,30.296666666666667,0.0,89.74492063492063,0.30720238095238095,0.5833333333333334
Italy,1,41.87,12.56,60.0,1.195,0.012499999999999983,114.975,0.0,0.0,0.0,0.0,39.5,45.5,64.95,28.8,3.325,19.2,5.550000000000001,89.45,49641.0,65.5,99.825,9.180089285714285,15.579999999999998,0.0,84.75543154761905,0.1745535714285714,0.5025000000000001
Italy,2,41.87,12.56,60.0,5.0325,0.2025,114.5,0.25,0.0,0.0,0.25,36.475,52.5,54.75,32.05,4.625,14.575,14.625,93.125,49709.0,69.575,99.25,9.822723214285714,16.292499999999997,0.0,81.49575892857143,0.18781249999999994,0.52
Italy,3,41.87,12.56,60.0,8.568000000000001,0.458,111.42,0.2,0.0,0.0,0.2,53.46,79.0,66.22,33.06,6.859999999999999,15.940000000000001,14.360000000000003,88.4,49778.0,66.96000000000001,97.36,11.89527380952381,19.104000000000003,0.0,76.39376190476192,0.27122619047619045,0.866
Italy,4,41.87,12.56,60.0,8.9025,0.4925,94.80000000000001,0.5,0.0,0.0,0.5,41.425,64.25,66.725,31.675,7.575,22.15,25.2,88.075,49847.0,70.525,97.95,15.445967261904762,23.47,0.0,72.10377976190476,0.2866517857142856,0.9525
Italy,5,41.87,12.56,60.0,7.305,-0.0475,124.0,0.75,0.0,0.0,0.75,28.1,40.25,60.025,31.975,5.125,14.524999999999999,21.375,87.45,49916.0,68.97500000000001,98.8,17.914732142857144,25.302500000000002,0.0,71.02543154761905,0.22212797619047614,0.6275
Italy,6,41.87,12.56,60.0,1.076,0.18,84.52000000000001,0.0,0.0,0.0,0.0,66.03999999999999,94.0,72.97999999999999,32.56,5.32,15.8,5.840000000000001,88.75999999999999,49985.0,73.72,99.16,26.65894047619048,35.154,35.2,56.188071428571426,0.19729761904761894,0.36
Italy,7,41.87,12.56,60.0,-1.835,-0.11000000000000001,90.975,0.0,0.0,0.0,0.0,57.974999999999994,97.0,69.8,28.45,5.075,19.05,0.0,88.2,50054.0,67.85,99.225,26.027619047619048,34.0175,20.0,55.95160714285714,0.17925595238095243,0.49
Italy,8,41.87,12.56,60.0,-5.958,0.38,39.04,0.0,0.0,0.0,0.0,34.08,41.2,64.78,29.28,4.42,17.34,0.0,87.44,50122.0,71.14,98.17999999999999,26.429178571428572,34.904,25.2,54.70008333333334,0.23520238095238083,0.466
Italy,9,41.87,12.56,60.0,-7.3100000000000005,0.265,30.65,0.0,0.0,0.0,0.0,61.1,100.25,67.225,30.65,5.5,16.6,0.0,87.8,50191.0,72.25,98.125,21.420386904761905,29.93,1.25,63.84023809523809,0.16433035714285713,0.4825
Italy,10,41.87,12.56,60.0,-8.21,0.47,50.73333333333333,0.0,0.0,0.0,0.0,38.9,56.333333333333336,69.43333333333334,32.699999999999996,5.1000000000000005,13.066666666666665,0.0,86.5,50260.0,64.16666666666667,98.39999999999999,17.40327380952381,25.153333333333336,0.0,67.8602380952381,0.15373015873015863,0.5433333333333333
Italy,11,41.87,12.56,60.0,-8.21,0.47,50.73333333333333,0.0,0.0,0.0,0.0,38.9,56.333333333333336,69.43333333333334,32.699999999999996,5.1000000000000005,13.066666666666665,0.0,86.5,50260.0,64.16666666666667,98.39999999999999,17.40327380952381,25.153333333333336,0.0,67.8602380952381,0.15373015873015863,0.5433333333333333
Italy,12,41.87,12.56,60.0,-8.21,0.47,50.73333333333333,0.0,0.0,0.0,0.0,38.9,56.333333333333336,69.43333333333334,32.699999999999996,5.1000000000000005,13.066666666666665,0.0,86.5,50260.0,64.16666666666667,98.39999999999999,17.40327380952381,25.153333333333336,0.0,67.8602380952381,0.15373015873015863,0.5433333333333333
Japan,1,36.2,138.25,126.0,5.8175,0.65,92.35,0.0,0.0,0.0,0.0,32.475,58.75,56.85,38.2,4.475,15.475,4.975,85.35,76875.0,70.05,97.475,-3.7998511904761907,3.7775,0.0,86.5456994047619,0.14550595238095243,0.4275
Japan,2,36.2,138.25,126.0,7.8149999999999995,0.7075,97.2,0.0,0.0,0.0,0.0,29.825,40.5,59.875,31.575,6.55,18.575,10.325000000000001,85.425,76982.0,69.72500000000001,97.875,-4.593526785714285,7.8575,0.0,81.74540178571428,0.17342261904761908,1.125
Japan,3,36.2,138.25,126.0,11.544,0.15799999999999997,122.94000000000001,0.0,0.0,0.0,0.0,18.68,23.4,60.64,28.48,3.06,19.46,16.759999999999998,82.86,77088.0,74.36,97.56,1.279904761904762,12.315999999999999,0.0,83.63638095238096,0.28701190476190486,0.8
Japan,4,36.2,138.25,126.0,9.8175,0.095,127.19999999999999,0.5,0.0,0.0,0.5,28.375,43.25,58.65,30.55,3.95,17.775,17.225,84.125,77195.0,69.25,99.7,8.447306547619046,19.9675,0.0,78.51659226190476,0.4111904761904761,1.46
Japan,5,36.2,138.25,126.0,9.157499999999999,0.4225,82.475,0.75,0.0,0.0,0.75,27.075,54.0,51.974999999999994,31.075,4.125,20.475,12.45,84.9,77301.0,69.875,98.925,12.905818452380952,21.6275,0.0,80.47205357142857,0.4466964285714285,1.0425
Japan,6,36.2,138.25,126.0,5.752,0.10200000000000001,78.92,0.0,0.0,0.0,0.0,40.04,63.4,59.2,31.359999999999996,4.459999999999999,18.98,7.040000000000001,83.67999999999999,77408.0,71.97999999999999,98.08,19.20732142857143,25.384,0.0,80.50071428571428,0.3720595238095237,0.85
Japan,7,36.2,138.25,126.0,1.2775,0.32999999999999996,80.725,0.0,0.0,0.0,0.0,50.175,70.0,72.325,25.225,5.525,17.45,0.0,82.975,77515.0,70.975,97.825,22.206294642857145,27.7225,0.0,83.09589285714286,0.27130952380952383,0.5575
Japan,8,36.2,138.25,126.0,-0.23400000000000004,0.32599999999999996,54.779999999999994,0.0,0.0,0.0,0.0,70.47999999999999,94.4,67.02000000000001,34.2,4.5600000000000005,20.1,0.0,81.86,77621.0,71.56,99.8,21.91615476190476,27.892000000000003,0.0,83.37254761904762,0.3017142857142858,0.642
Japan,9,36.2,138.25,126.0,-4.1425,0.21250000000000002,35.825,0.0,0.0,0.0,0.0,68.35,95.0,67.225,25.85,3.875,18.325,0.0,83.85,77728.0,66.375,98.125,17.96793154761905,25.0,0.0,85.44467261904762,0.2751190476190476,0.7375
Japan,10,36.2,138.25,126.0,-2.5566666666666666,0.033333333333333326,50.06666666666666,0.0,0.0,0.0,0.0,30.066666666666666,51.333333333333336,58.699999999999996,26.666666666666668,6.8999999999999995,20.666666666666668,0.0,82.43333333333334,77835.0,64.89999999999999,98.3,13.124444444444444,21.679999999999996,0.0,88.60174603174603,0.22646825396825407,1.0566666666666666
Japan,11,36.2,138.25,126.0,-2.5566666666666666,0.033333333333333326,50.06666666666666,0.0,0.0,0.0,0.0,30.066666666666666,51.333333333333336,58.699999999999996,26.666666666666668,6.8999999999999995,20.666666666666668,0.0,82.43333333333334,77835.0,64.89999999999999,98.3,13.124444444444444,21.679999999999996,0.0,88.60174603174603,0.22646825396825407,1.0566666666666666
Japan,12,36.2,138.25,126.0,-2.5566666666666666,0.033333333333333326,50.06666666666666,0.0,0.0,0.0,0.0,30.066666666666666,51.333333333333336,58.699999999999996,26.666666666666668,6.8999999999999995,20.666666666666668,0.0,82.43333333333334,77835.0,64.89999999999999,98.3,13.124444444444444,21.679999999999996,0.0,88.60174603174603,0.22646825396825407,1.0566666666666666
Kenya,1,-0.02,37.9,54.0,27.59,-0.010000000000000009,106.025,0.0,0.0,0.0,0.0,99.5,154.0,78.55,29.3,52.375,26.25,6.975,48.625,2548.0,73.0,85.17500000000001,26.638988095238094,35.425,37.5,50.76819940476191,0.2283482142857142,0.41
Kenya,2,-0.02,37.9,54.0,29.62,-0.020000000000000004,93.44999999999999,0.25,0.0,0.0,0.25,98.775,136.0,80.825,31.475,52.550000000000004,25.65,12.8,48.525,2551.0,66.9,90.425,27.35223214285714,36.765,46.25,48.226011904761904,0.1952232142857143,0.325
Kenya,3,-0.02,37.9,54.0,31.318,0.366,131.84,0.0,0.0,0.0,0.0,86.16,121.0,79.16,30.68,67.82000000000001,22.060000000000002,13.36,48.160000000000004,2555.0,70.58,91.86,27.210035714285716,36.077999999999996,32.4,61.588035714285716,0.2735833333333332,0.592
Kenya,4,-0.02,37.9,54.0,33.0475,0.4225,67.9,1.25,0.0,0.0,1.25,83.575,124.0,89.35,34.65,66.275,21.049999999999997,24.325000000000003,48.900000000000006,2558.0,67.0,88.3,25.73270833333333,34.995,22.5,72.51706845238095,0.18674107142857146,0.4625
Kenya,5,-0.02,37.9,54.0,32.855,0.6925,152.4,0.5,0.0,0.0,0.5,68.9,110.0,69.85,28.625,73.625,23.75,18.675,49.0,2562.0,69.0,89.95,26.09909226190476,34.79,30.75,63.429806547619044,0.21428571428571433,0.405
Kenya,6,-0.02,37.9,54.0,26.927999999999997,0.20400000000000001,74.06,0.0,0.0,0.0,0.0,113.58,162.6,89.74,31.560000000000002,42.62,27.1,9.44,48.760000000000005,2565.0,66.74,90.14,25.422809523809526,33.64,20.8,57.83464285714285,0.34388095238095234,0.682
Kenya,7,-0.02,37.9,54.0,23.2875,0.19749999999999998,65.77499999999999,0.0,0.0,0.0,0.0,114.5,168.75,84.55,29.05,38.025,29.25,2.8,43.375,2569.0,67.525,91.5,24.749642857142856,33.485,15.75,55.51955357142857,0.406220238095238,0.925
Kenya,8,-0.02,37.9,54.0,19.25,0.23199999999999998,50.56,0.0,0.0,0.0,0.0,119.6,185.0,91.72,31.119999999999997,15.059999999999999,25.9,0.0,49.0,2572.0,69.38,86.12,24.225511904761902,32.962,13.4,56.59463095238095,0.3747738095238095,0.708
Kenya,9,-0.02,37.9,54.0,17.822499999999998,0.16749999999999998,76.17500000000001,0.0,0.0,0.0,0.0,115.4,180.0,86.875,31.475,13.75,29.174999999999997,0.0,45.3,2576.0,72.55,88.55,26.721354166666668,36.1375,42.25,48.689598214285716,0.21419642857142862,0.48
Kenya,10,-0.02,37.9,54.0,18.12,0.49333333333333335,45.53333333333333,0.0,0.0,0.0,0.0,97.43333333333334,138.66666666666666,70.96666666666667,32.766666666666666,10.733333333333334,23.133333333333336,0.0,50.36666666666667,2579.0,65.5,91.53333333333335,26.92017857142857,35.62,41.666666666666664,49.87446428571428,0.2429365079365078,0.6466666666666666
Kenya,11,-0.02,37.9,54.0,18.12,0.49333333333333335,45.53333333333333,0.0,0.0,0.0,0.0,97.43333333333334,138.66666666666666,70.96666666666667,32.766666666666666,10.733333333333334,23.133333333333336,0.0,50.36666666666667,2579.0,65.5,91.53333333333335,26.92017857142857,35.62,41.666666666666664,49.87446428571428,0.2429365079365078,0.6466666666666666
Kenya,12,-0.02,37.9,54.0,18.12,0.49333333333333335,45.53333333333333,0.0,0.0,0.0,0.0,97.43333333333334,138.66666666666666,70.96666666666667,32.766666666666666,10.733333333333334,23.133333333333336,0.0,50.36666666666667,2579.0,65.5,91.53333333333335,26.92017857142857,35.62,41.666666666666664,49.87446428571428,0.2429365079365078,0.6466666666666666
Mexico,1,23.63,-102.55,129.0,12.285,0.08249999999999999,109.025,0.0,0.0,0.0,0.0,27.475,44.75,60.925,29.625,4.4750000000000005,21.15,4.725,62.65,17552.0,68.525,96.45,13.065729166666667,24.835,0.0,45.59446428571428,0.05071428571428565,0.135
Mexico,2,23.63,-102.55,129.0,16.855,0.11500000000000005,113.625,0.0,0.0,0.0,0.0,62.9,86.75,61.225,31.924999999999997,5.55,23.625,10.575000000000001,64.0,17576.0,65.625,96.125,16.623303571428572,28.13,0.0,27.53075892857143,0.0710714285714285,0.14250000000000002
Mexico,3,23.63,-102.55,129.0,17.654,0.386,115.62,0.2,0.0,0.0,0.2,28.18,40.0,69.88,36.14,3.6,22.080000000000002,15.16,66.53999999999999,17601.0,70.47999999999999,95.47999999999999,17.79919047619048,30.732,0.4,20.56759523809524,0.06352380952380948,0.12
Mexico,4,23.63,-102.55,129.0,19.7225,0.6849999999999999,100.9,0.75,0.0,0.0,0.75,55.675,84.0,70.175,35.9,19.825,19.8,25.099999999999998,65.875,17625.0,71.9,96.45,20.168497023809525,31.855,4.0,22.92267857142857,0.12255952380952377,0.3375
Mexico,5,23.63,-102.55,129.0,17.835,0.30000000000000004,105.425,0.25,0.0,0.0,0.25,47.625,65.0,60.05,31.349999999999998,9.375,23.25,18.375,64.8,17649.0,68.4,96.875,23.275357142857146,34.2025,19.25,33.098169642857144,0.17843749999999997,0.5225
Mexico,6,23.63,-102.55,129.0,11.202000000000002,0.43,103.55999999999999,0.0,0.0,0.0,0.0,47.4,72.4,62.82000000000001,30.98,6.9,19.080000000000002,3.2,64.72,17674.0,70.46,96.47999999999999,21.905761904761903,31.127999999999997,5.4,58.081630952380955,0.26919047619047615,0.55
Mexico,7,23.63,-102.55,129.0,7.91,0.7125,89.525,0.0,0.0,0.0,0.0,50.150000000000006,72.0,47.9,36.775,4.525,24.4,0.0,66.275,17698.0,70.525,96.55,19.487142857142857,28.365000000000002,0.0,66.02574404761904,0.2791220238095239,0.535
Mexico,8,23.63,-102.55,129.0,6.3,0.10400000000000001,29.6,0.0,0.0,0.0,0.0,72.22,106.8,74.03999999999999,30.439999999999998,3.7,20.82,0.0,66.97999999999999,17722.0,68.72,93.08,20.765738095238095,29.887999999999998,0.0,63.41085714285714,0.29367857142857134,0.874
Mexico,9,23.63,-102.55,129.0,2.785,0.35250000000000004,13.55,0.0,0.0,0.0,0.0,55.75,89.25,77.0,28.0,2.35,22.425,0.0,63.825,17747.0,74.025,93.825,19.026145833333334,26.905,0.0,73.94311011904762,0.2573214285714287,0.5349999999999999
Mexico,10,23.63,-102.55,129.0,3.203333333333333,0.8033333333333333,18.733333333333334,0.0,0.0,0.0,0.0,50.93333333333334,68.0,56.06666666666666,32.5,2.0333333333333337,24.46666666666667,0.0,70.10000000000001,17771.0,69.93333333333334,96.36666666666667,18.381309523809524,27.606666666666666,0.0,65.1694246031746,0.1274603174603174,0.31666666666666665
Mexico,11,23.63,-102.55,129.0,3.203333333333333,0.8033333333333333,18.733333333333334,0.0,0.0,0.0,0.0,50.93333333333334,68.0,56.06666666666666,32.5,2.0333333333333337,24.46666666666667,0.0,70.10000000000001,17771.0,69.93333333333334,96.36666666666667,18.381309523809524,27.606666666666666,0.0,65.1694246031746,0.1274603174603174,0.31666666666666665
Mexico,12,23.63,-102.55,129.0,3.203333333333333,0.8033333333333333,18.733333333333334,0.0,0.0,0.0,0.0,50.93333333333334,68.0,56.06666666666666,32.5,2.0333333333333337,24.46666666666667,0.0,70.10000000000001,17771.0,69.93333333333334,96.36666666666667,18.381309523809524,27.606666666666666,0.0,65.1694246031746,0.1274603174603174,0.31666666666666665
Nigeria,1,9.08,8.67,206.0,20.2625,0.41250000000000003,72.55,0.0,0.0,0.0,0.0,118.525,171.0,89.175,29.55,20.4,27.15,3.05,37.7,2909.0,69.525,88.05,27.261622023809526,36.94,49.5,22.334374999999998,0.42754464285714305,0.63
Nigeria,2,9.08,8.67,206.0,25.825,0.2775,121.75,1.0,0.0,0.0,1.0,104.625,159.0,91.025,35.925,49.275,23.475,18.075,34.675,2913.0,71.325,87.425,29.328854166666666,38.94,58.0,19.91394345238095,0.6331994047619047,1.0525
Nigeria,3,9.08,8.67,206.0,28.562,0.07200000000000001,121.58000000000001,0.2,0.0,0.0,0.2,105.82000000000001,163.6,85.22,32.38,59.0,27.7,18.14,38.54,2917.0,70.94,82.67999999999999,31.24453571428571,40.848,68.6,28.216214285714283,0.5385952380952382,0.8780000000000001
Nigeria,4,9.08,8.67,206.0,27.6225,-0.05749999999999998,117.25,0.25,0.0,0.0,0.25,108.225,150.75,77.2,31.974999999999998,56.55,28.775,19.375,38.05,2921.0,67.525,86.9,30.15971726190476,39.519999999999996,57.75,50.94151785714286,0.5720238095238095,1.0725
Nigeria,5,9.08,8.67,206.0,24.5675,-0.29250000000000004,122.325,0.0,0.0,0.0,0.0,78.825,114.25,78.45,26.75,45.925,26.475,11.5,38.275,2925.0,68.17500000000001,87.225,29.591250000000002,39.535,50.75,56.5384375,0.4374553571428571,0.8125
Nigeria,6,9.08,8.67,206.0,22.418,0.314,89.6,0.0,0.0,0.0,0.0,91.67999999999999,129.6,79.97999999999999,33.72,33.12,27.68,6.88,36.480000000000004,2929.0,71.06,83.28,25.63613095238095,33.42,8.4,76.86822619047618,0.406107142857143,0.596
Nigeria,7,9.08,8.67,206.0,16.345,0.275,62.400000000000006,0.0,0.0,0.0,0.0,112.175,155.25,78.8,31.425,4.3,27.375,0.0,37.025,2933.0,68.75,84.875,23.619836309523812,29.155,0.0,86.24200892857144,0.4311309523809524,0.81
Nigeria,8,9.08,8.67,206.0,14.925999999999998,0.42800000000000005,58.6,0.0,0.0,0.0,0.0,93.32000000000001,150.0,72.82000000000001,33.12,4.2,25.52,0.0,36.88,2937.0,72.32000000000001,89.6,23.033761904761906,28.308,0.0,88.18141666666666,0.5304166666666668,1.052
Nigeria,9,9.08,8.67,206.0,12.49,0.5,18.075,0.0,0.0,0.0,0.0,113.225,174.25,79.5,33.65,3.275,28.15,0.0,36.974999999999994,2941.0,69.15,81.525,23.98703869047619,29.84,0.0,83.80309523809524,0.39572916666666663,0.6475
Nigeria,10,9.08,8.67,206.0,13.56,0.26333333333333336,24.766666666666666,0.0,0.0,0.0,0.0,123.43333333333334,177.0,82.7,31.46666666666667,3.8000000000000003,25.166666666666668,0.0,38.86666666666667,2945.0,67.26666666666667,80.53333333333333,24.499900793650795,30.849999999999998,1.3333333333333333,76.45700396825397,0.3598412698412697,0.6566666666666667
Nigeria,11,9.08,8.67,206.0,13.56,0.26333333333333336,24.766666666666666,0.0,0.0,0.0,0.0,123.43333333333334,177.0,82.7,31.46666666666667,3.8000000000000003,25.166666666666668,0.0,38.86666666666667,2945.0,67.26666666666667,80.53333333333333,24.499900793650795,30.849999999999998,1.3333333333333333,76.45700396825397,0.3598412698412697,0.6566666666666667
Nigeria,12,9.08,8.67,206.0,13.56,0.26333333333333336,24.766666666666666,0.0,0.0,0.0,0.0,123.43333333333334,177.0,82.7,31.46666666666667,3.8000000000000003,25.166666666666668,0.0,38.86666666666667,2945.0,67.26666666666667,80.53333333333333,24.499900793650795,30.849999999999998,1.3333333333333333,76.45700396825397,0.3598412698412697,0.6566666666666667
Pakistan,1,30.37,69.34,225.0,9.7725,0.1175,96.5,0.5,0.0,0.0,0.5,109.3,155.25,78.5,38.725,3.875,23.85,10.325,53.8,4531.0,65.55,86.175,7.836116071428572,20.345,0.0,33.02223214285714,0.24424107142857138,0.56
Pakistan,2,30.37,69.34,225.0,11.8925,0.8200000000000001,114.55,0.5,0.0,0.0,0.5,109.85,173.75,86.3,32.8,7.15,25.65,16.450000000000003,53.4,4537.0,70.8,88.575,10.32328869047619,21.0475,0.0,42.89127976190477,0.3814880952380952,0.9750000000000001
Pakistan,3,30.369999999999997,69.34,225.0,15.094,0.516,101.94,0.6,0.0,0.0,0.6,103.92,152.4,80.16,32.720000000000006,5.46,21.22,18.8,56.239999999999995,4544.0,64.02000000000001,91.1,16.444130952380952,29.314,1.0,31.153821428571426,0.2693571428571428,0.64
Pakistan,4,30.37,69.34,225.0,14.65,0.155,97.875,0.25,0.0,0.0,0.25,95.35,134.5,71.875,33.65,5.5,20.225,15.325,53.8,4550.0,69.65,92.125,25.666607142857146,36.75,44.75,17.185803571428572,0.4809523809523809,1.0675
Pakistan,5,30.37,69.34,225.0,13.3825,0.09749999999999998,95.8,0.25,0.0,0.0,0.25,113.975,174.5,84.275,29.975,3.075,19.925,13.775,54.425,4556.0,69.7,93.175,28.01153273809524,38.900000000000006,53.75,23.71516369047619,0.6927083333333335,1.35
Pakistan,6,30.369999999999997,69.34,225.0,8.976,-0.09999999999999998,95.76,0.0,0.0,0.0,0.0,84.58,127.8,81.1,32.54,3.7,23.139999999999997,4.7,55.0,4562.0,66.74,92.0,30.143035714285713,40.164,65.4,32.56776190476191,0.8360714285714284,1.8199999999999998
Pakistan,7,30.37,69.34,225.0,5.22,0.11250000000000002,69.125,0.0,0.0,0.0,0.0,104.725,164.25,79.75,32.175,3.8499999999999996,24.525000000000002,0.5,52.175,4569.0,67.1,89.875,27.66269345238095,37.235,37.5,61.13523809523809,0.8639583333333335,1.6375
Pakistan,8,30.369999999999997,69.34,225.0,1.3359999999999999,0.08399999999999999,60.17999999999999,0.0,0.0,0.0,0.0,101.44,146.0,86.12,30.54,4.6,20.78,0.0,54.36,4575.0,69.32000000000001,94.32000000000001,26.978452380952376,36.251999999999995,39.8,57.208178571428576,0.6938095238095239,1.782
Pakistan,9,30.37,69.34,225.0,-1.69,-0.21999999999999997,56.325,0.0,0.25,0.0,0.25,106.325,155.25,78.75,27.25,3.625,27.0,0.0,54.225,4581.0,69.425,88.175,25.65767857142857,36.125,38.5,37.83547619047619,0.4206547619047621,0.8875
Pakistan,10,30.37,69.34,225.0,-0.37666666666666665,0.33666666666666667,43.699999999999996,0.0,0.0,0.0,0.0,119.8,189.0,88.43333333333334,29.3,4.666666666666667,24.166666666666668,0.0,50.1,4588.0,68.86666666666667,90.63333333333333,19.73230158730159,30.333333333333332,0.3333333333333333,27.62644841269842,0.4812301587301588,0.8266666666666667
Pakistan,11,30.37,69.34,225.0,-0.37666666666666665,0.33666666666666667,43.699999999999996,0.0,0.0,0.0,0.0,119.8,189.0,88.43333333333334,29.3,4.666666666666667,24.166666666666668,0.0,50.1,4588.0,68.86666666666667,90.63333333333333,19.73230158730159,30.333333333333332,0.3333333333333333,27.62644841269842,0.4812301587301588,0.8266666666666667
Pakistan,12,30.37,69.34,225.0,-0.37666666666666665,0.33666666666666667,43.699999999999996,0.0,0.0,0.0,0.0,119.8,189.0,88.43333333333334,29.3,4.666666666666667,24.166666666666668,0.0,50.1,4588.0,68.86666666666667,90.63333333333333,19.73230158730159,30.333333333333332,0.3333333333333333,27.62644841269842,0.4812301587301588,0.8266666666666667
Philippines,1,12.87,121.77,110.0,19.4875,0.45,78.1,0.0,0.0,0.0,0.0,107.875,156.25,76.95,31.175,19.575,27.9,1.5750000000000002,36.825,3452.0,75.4,82.725,26.932068452380953,27.9725,0.0,84.97699404761904,0.18616071428571426,0.365
Philippines,2,12.87,121.77,110.0,23.08,0.665,91.625,0.0,0.0,0.0,0.0,103.375,153.25,82.525,34.325,39.225,34.2,11.975,32.15,3456.0,61.8,85.925,27.067544642857143,28.049999999999997,0.0,83.17813988095239,0.20827380952380956,0.41000000000000003
Philippines,3,12.87,121.77000000000001,110.0,26.389999999999997,0.254,112.4,0.6,0.0,0.0,0.6,110.11999999999998,174.0,86.78,31.639999999999997,55.96,25.060000000000002,21.880000000000003,37.04,3461.0,69.78,83.32000000000001,27.651714285714284,28.944,0.0,82.26094047619048,0.19258333333333333,0.394
Philippines,4,12.87,121.77,110.0,24.247500000000002,0.057499999999999996,114.82499999999999,0.75,0.0,0.25,1.0,112.15,164.75,85.80000000000001,35.85,53.825,37.025,23.875,37.075,3466.0,64.2,88.175,29.012752976190477,30.38,0.0,77.82824404761905,0.12803571428571425,0.22
Philippines,5,12.87,121.77,110.0,24.2975,0.21000000000000002,114.15,0.0,0.0,0.0,0.0,100.125,160.75,80.175,31.575,41.225,25.125,12.25,37.775,3471.0,70.675,89.075,29.526651785714286,30.8425,0.0,78.62532738095238,0.19799107142857142,0.3575
Philippines,6,12.87,121.77000000000001,110.0,19.11,0.176,59.379999999999995,0.0,0.0,0.0,0.0,101.53999999999999,151.0,78.25999999999999,32.56,18.939999999999998,28.28,5.42,38.46,3476.0,70.05999999999999,89.56,28.97632142857143,30.538,0.0,80.06704761904761,0.27289285714285716,0.61
Philippines,7,12.87,121.77,110.0,14.94,0.25,102.325,0.0,0.0,0.0,0.0,90.475,122.75,73.77499999999999,28.75,5.1,26.375,0.0,38.825,3480.0,69.6,82.675,28.96672619047619,30.4075,0.0,82.31436011904762,0.3123660714285715,0.53
Philippines,8,12.87,121.77000000000001,110.0,11.687999999999999,0.188,39.480000000000004,0.0,0.2,0.0,0.2,101.82000000000001,159.8,89.3,33.3,5.8,25.48,1.08,36.5,3485.0,70.8,84.4,28.388773809523816,29.633999999999997,0.0,80.68432142857144,0.28847619047619055,0.5940000000000001
Philippines,9,12.87,121.77,110.0,10.97,0.115,47.375,0.0,0.0,0.0,0.0,107.775,164.0,85.35,27.0,4.05,28.175,0.0,37.925,3490.0,70.7,86.725,28.24809523809524,29.5925,0.0,82.3434375,0.22013392857142855,0.375
Philippines,10,12.87,121.77,110.0,10.719999999999999,0.14666666666666667,33.199999999999996,0.0,0.3333333333333333,0.0,0.3333333333333333,110.0,175.0,89.53333333333335,29.96666666666667,4.7,25.900000000000002,0.0,36.5,3495.0,66.96666666666667,82.5,28.649642857142855,29.563333333333333,0.0,82.05499999999999,0.15952380952380943,0.35333333333333333
Philippines,11,12.87,121.77,110.0,10.719999999999999,0.14666666666666667,33.199999999999996,0.0,0.3333333333333333,0.0,0.3333333333333333,110.0,175.0,89.53333333333335,29.96666666666667,4.7,25.900000000000002,0.0,36.5,3495.0,66.96666666666667,82.5,28.649642857142855,29.563333333333333,0.0,82.05499999999999,0.15952380952380943,0.35333333333333333
Philippines,12,12.87,121.77,110.0,10.719999999999999,0.14666666666666667,33.199999999999996,0.0,0.3333333333333333,0.0,0.3333333333333333,110.0,175.0,89.53333333333335,29.96666666666667,4.7,25.900000000000002,0.0,36.5,3495.0,66.96666666666667,82.5,28.649642857142855,29.563333333333333,0.0,82.05499999999999,0.15952380952380943,0.35333333333333333
South Africa,1,-30.55,22.93,60.0,9.879999999999999,0.042499999999999996,71.65,0.0,0.0,0.0,0.0,43.0,72.25,55.7,31.125,4.9,21.475,5.85,73.075,10416.0,73.225,98.025,27.46391369047619,39.07,53.25,29.095372023809524,0.07622023809523805,0.185
South Africa,2,-30.55,22.93,60.0,13.987499999999999,0.53,110.05,0.0,0.0,0.0,0.0,34.075,48.75,53.15,30.849999999999998,5.85,22.025,12.875,74.825,10431.0,72.6,97.35,26.56206845238095,37.205,40.5,38.10541666666666,0.1126934523809524,0.265
South Africa,3,-30.55,22.93,60.0,12.656,0.688,105.88,0.8,0.0,0.0,0.8,25.32,27.2,58.14,34.4,6.08,23.1,15.0,72.78,10445.0,68.46000000000001,97.06,23.598095238095237,32.434000000000005,9.2,47.340452380952385,0.12151190476190477,0.362
South Africa,4,-30.55,22.93,60.0,14.969999999999999,0.78,126.425,0.75,0.0,0.0,0.75,37.275000000000006,55.0,55.224999999999994,37.175,4.075,21.625,24.775,74.675,10460.0,73.7,93.475,16.33651785714286,27.5575,0.0,57.66578869047619,0.08986607142857138,0.28500000000000003
South Africa,5,-30.55,22.93,60.0,13.1875,0.2975,141.7,0.5,0.0,0.0,0.5,11.225,15.5,51.025,34.85,4.125,21.825,21.75,73.725,10474.0,71.125,99.475,13.325922619047619,25.165,0.0,52.210877976190474,0.05788690476190458,0.1475
South Africa,6,-30.55,22.93,60.0,9.234,0.41,85.62,0.2,0.0,0.0,0.2,46.8,76.4,65.66,32.9,3.1399999999999997,20.84,5.26,72.26,10489.0,68.22,97.32000000000001,8.535428571428572,21.107999999999997,0.0,57.75251190476191,0.05790476190476176,0.21000000000000002
South Africa,7,-30.55,22.93,60.0,5.0975,0.4175,33.95,0.0,0.0,0.0,0.0,60.800000000000004,93.25,56.15,34.925,5.025,19.925,3.8000000000000003,73.95,10503.0,71.1,100.0,8.913779761904761,22.1625,0.0,57.53901785714286,0.07433035714285713,0.2075
South Africa,8,-30.55,22.93,60.0,2.738,0.096,70.08,0.0,0.2,0.0,0.2,8.959999999999999,17.6,50.82,26.919999999999998,7.0,19.119999999999997,0.42000000000000004,71.56,10517.0,72.32000000000001,94.4,13.19127380952381,25.845999999999997,0.0,44.31046428571429,0.13529761904761894,0.45400000000000007
South Africa,9,-30.55,22.93,60.0,-0.7575,0.48,25.7,0.0,0.0,0.0,0.0,71.60000000000001,99.5,76.95,28.975,4.375,19.35,0.0,72.375,10532.0,75.75,96.75,17.178020833333335,30.497500000000002,0.0,35.33994047619048,0.15291666666666665,0.66
South Africa,10,-30.55,22.929999999999996,60.0,-2.483333333333333,0.5833333333333334,64.26666666666667,0.0,0.0,0.0,0.0,55.86666666666667,94.66666666666667,75.56666666666666,31.866666666666664,5.866666666666667,17.433333333333334,0.0,72.8,10546.0,65.46666666666667,96.7,20.303670634920636,33.79333333333333,7.0,33.38863095238096,0.10388888888888885,0.37000000000000005
South Africa,11,-30.55,22.929999999999996,60.0,-2.483333333333333,0.5833333333333334,64.26666666666667,0.0,0.0,0.0,0.0,55.86666666666667,94.66666666666667,75.56666666666666,31.866666666666664,5.866666666666667,17.433333333333334,0.0,72.8,10546.0,65.46666666666667,96.7,20.303670634920636,33.79333333333333,7.0,33.38863095238096,0.10388888888888885,0.37000000000000005
South Africa,12,-30.55,22.929999999999996,60.0,-2.483333333333333,0.5833333333333334,64.26666666666667,0.0,0.0,0.0,0.0,55.86666666666667,94.66666666666667,75.56666666666666,31.866666666666664,5.866666666666667,17.433333333333334,0.0,72.8,10546.0,65.46666666666667,96.7,20.303670634920636,33.79333333333333,7.0,33.38863095238096,0.10388888888888885,0.37000000000000005
Spain,1,40.46,-3.74,47.0,3.7,0.4525,104.95,0.25,0.0,0.0,0.25,22.225,8.75,58.775,32.8,5.775,20.375,10.575,77.4,63100.0,66.8,99.55,5.348586309523809,14.575,0.0,82.70035714285714,0.09419642857142853,0.235
Spain,2,40.46,-3.74,47.0,8.065,0.365,99.725,1.0,0.0,0.0,1.0,54.125,81.0,63.5,33.275000000000006,5.3,19.925,23.675,76.5,63188.0,69.025,96.025,6.955163690476191,15.094999999999999,0.0,77.45802083333334,0.1557440476190476,0.44
Spain,3,40.46,-3.7400000000000007,47.0,8.14,0.13,116.55999999999999,0.2,0.0,0.0,0.2,34.2,41.0,59.42,28.1,5.62,19.04,16.82,78.34,63275.0,72.28,97.22,7.671190476190477,15.957999999999998,0.0,83.20404761904763,0.18989285714285709,0.466
Spain,4,40.46,-3.74,47.0,8.955,0.1125,107.05000000000001,0.75,0.0,0.0,0.75,27.775,39.5,63.125,32.375,5.925,21.275,18.475,79.85,63363.0,65.9,95.025,12.06110119047619,20.75,0.0,76.48726190476191,0.21930059523809525,0.7175
Spain,5,40.46,-3.74,47.0,7.9825,0.1275,113.4,0.0,0.0,0.0,0.0,47.8,80.75,60.675,30.675,6.199999999999999,21.425,10.3,76.6,63450.0,70.725,99.675,15.545729166666664,23.884999999999998,0.0,68.28157738095238,0.26866071428571436,0.5925
Spain,6,40.46,-3.7400000000000007,47.0,3.742,-0.148,103.67999999999999,0.0,0.0,0.0,0.0,52.9,65.8,67.82000000000001,29.880000000000003,4.96,19.16,3.5799999999999996,76.17999999999999,63538.0,73.38,97.17999999999999,24.682452380952384,34.848,29.4,50.18777380952381,0.3095595238095237,0.6519999999999999
Spain,7,40.46,-3.74,47.0,-0.64,0.6,61.4,0.0,0.25,0.0,0.25,51.225,68.0,71.9,34.05,8.25,19.3,0.0,78.525,63625.0,68.825,94.5,25.40059523809524,36.1325,32.75,36.618139880952384,0.1712946428571429,0.4125
Spain,8,40.46,-3.7400000000000007,47.0,-4.6259999999999994,0.516,53.92,0.0,0.0,0.0,0.0,45.2,75.0,58.620000000000005,31.9,2.7399999999999998,17.380000000000003,0.0,75.84,63713.0,72.8,97.96000000000001,26.28988095238095,37.654,38.6,33.485238095238095,0.28472619047619047,0.5439999999999999
Spain,9,40.46,-3.74,47.0,-7.6525,0.09,32.75,0.0,0.0,0.0,0.0,48.25,81.0,61.074999999999996,28.625,2.025,14.625,0.0,76.225,63800.0,69.75,96.775,20.225684523809523,30.7925,6.5,42.06690476190476,0.15206845238095235,0.445
Spain,10,40.46,-3.74,47.0,-6.733333333333333,-0.13333333333333333,49.699999999999996,0.0,0.0,0.0,0.0,83.60000000000001,121.0,79.16666666666667,34.4,3.6333333333333333,16.099999999999998,0.0,76.53333333333335,63888.0,68.3,97.89999999999999,17.239603174603175,25.89,0.0,59.370019841269844,0.1715079365079364,0.45333333333333337
Spain,11,40.46,-3.74,47.0,-6.733333333333333,-0.13333333333333333,49.699999999999996,0.0,0.0,0.0,0.0,83.60000000000001,121.0,79.16666666666667,34.4,3.6333333333333333,16.099999999999998,0.0,76.53333333333335,63888.0,68.3,97.89999999999999,17.239603174603175,25.89,0.0,59.370019841269844,0.1715079365079364,0.45333333333333337
Spain,12,40.46,-3.74,47.0,-6.733333333333333,-0.13333333333333333,49.699999999999996,0.0,0.0,0.0,0.0,83.60000000000001,121.0,79.16666666666667,34.4,3.6333333333333333,16.099999999999998,0.0,76.53333333333335,63888.0,68.3,97.89999999999999,17.239603174603175,25.89,0.0,59.370019841269844,0.1715079365079364,0.45333333333333337
Thailand,1,15.87,100.99,70.0,16.5775,-0.022499999999999996,118.57499999999999,0.0,0.0,0.0,0.0,34.175,54.75,55.8,31.125,3.6,26.6,2.75,58.975,17570.0,71.85,95.575,21.693050595238095,32.375,8.25,54.98608630952381,0.280639880952381,0.5475
Thailand,2,15.87,100.99,70.0,20.085,-0.335,113.0,0.25,0.0,0.0,0.25,54.475,94.5,64.975,25.8,17.35,24.275,14.575,61.775,17594.0,68.55,92.075,26.126636904761902,36.6,32.5,52.92276785714286,0.49069940476190455,1.3125
Thailand,3,15.87,100.99,70.0,23.258,0.192,116.72,0.2,0.0,0.0,0.2,47.98,68.0,64.17999999999999,32.019999999999996,38.36,23.48,16.68,60.04,17618.0,70.3,93.94,28.666845238095238,38.312,48.6,54.089738095238104,0.8012976190476188,2.242
Thailand,4,15.87,100.99,70.0,25.4575,0.2875,158.125,0.5,0.0,0.0,0.5,30.525,45.75,57.2,32.5,59.075,25.2,21.55,59.525,17643.0,70.175,92.575,29.18090773809524,36.4225,45.5,66.41901785714286,0.6775892857142857,1.6425
Thailand,5,15.87,100.99,70.0,23.22,0.1075,97.125,0.5,0.25,0.0,0.75,35.525,56.5,54.075,28.95,30.200000000000003,19.975,21.725,62.975,17667.0,65.75,93.7,28.391086309523807,34.805,31.5,75.33177083333334,0.6711607142857146,1.315
Thailand,6,15.87,100.99,70.0,17.808,0.12599999999999997,103.22,0.0,0.0,0.0,0.0,43.2,69.2,57.96,30.98,15.02,24.06,4.34,59.06,17691.0,69.78,94.53999999999999,27.045952380952382,32.548,6.4,80.908,0.6003333333333332,1.1219999999999999
Thailand,7,15.87,100.99,70.0,14.615,0.1425,62.425,0.0,0.0,0.0,0.0,60.05,98.75,67.425,27.55,6.45,25.125,2.35,62.3,17716.0,69.5,94.7,26.930238095238096,33.06,8.75,81.52834821428571,0.5606101190476191,1.06
Thailand,8,15.87,100.99,70.0,10.018,0.646,65.36,0.0,0.0,0.0,0.0,20.32,31.6,56.779999999999994,33.9,4.9,19.84,0.0,59.86,17740.0,70.7,93.4,26.647392857142858,31.962,7.6,82.55969047619047,0.5138452380952382,1.03
Thailand,9,15.87,100.99,70.0,7.8575,0.03750000000000002,31.5,0.0,0.0,0.0,0.0,81.7,116.0,70.22500000000001,26.55,4.525,26.675,0.0,60.575,17765.0,73.275,94.375,26.184285714285718,30.93,0.0,86.35793154761905,0.5704017857142857,1.22
Thailand,10,15.87,100.99,70.0,8.526666666666666,-0.17666666666666667,33.4,0.0,0.0,0.0,0.0,50.73333333333333,64.33333333333333,66.53333333333333,26.599999999999998,7.166666666666667,24.400000000000002,0.0,63.800000000000004,17789.0,71.39999999999999,90.8,25.270218253968252,30.44666666666667,0.0,84.79668650793651,0.4361309523809523,1.2366666666666666
Thailand,11,15.87,100.99,70.0,8.526666666666666,-0.17666666666666667,33.4,0.0,0.0,0.0,0.0,50.73333333333333,64.33333333333333,66.53333333333333,26.599999999999998,7.166666666666667,24.400000000000002,0.0,63.800000000000004,17789.0,71.39999999999999,90.8,25.270218253968252,30.44666666666667,0.0,84.79668650793651,0.4361309523809523,1.2366666666666666
Thailand,12,15.87,100.99,70.0,8.526666666666666,-0.17666666666666667,33.4,0.0,0.0,0.0,0.0,50.73333333333333,64.33333333333333,66.53333333333333,26.599999999999998,7.166666666666667,24.400000000000002,0.0,63.800000000000004,17789.0,71.39999999999999,90.8,25.270218253968252,30.44666666666667,0.0,84.79668650793651,0.4361309523809523,1.2366666666666666
United Kingdom,1,55.37,-3.43,67.0,-5.705,-0.014999999999999986,106.275,0.25,0.0,0.0,0.25,29.75,39.75,63.125,27.05,6.275,17.825,12.225000000000001,92.35,69245.0,68.025,98.45,1.912901785714286,5.45,0.0,97.15943452380952,0.0474999999999999,0.17
United Kingdom,2,55.37,-3.43,67.0,-3.6574999999999998,0.21500000000000002,118.3,0.0,0.0,0.0,0.0,45.775,63.0,58.975,29.799999999999997,7.325,20.575000000000003,9.65,92.0,69341.0,66.075,100.0,2.8106547619047615,7.9375,0.0,94.74136904761905,0.13206845238095227,0.425
United Kingdom,3,55.36999999999999,-3.4300000000000006,67.0,-1.554,0.27599999999999997,136.57999999999998,0.6,0.0,0.0,0.6,48.6,68.6,67.2,34.22,6.6,17.56,16.880000000000003,92.47999999999999,69437.0,68.42,99.64,5.339916666666666,13.046000000000001,0.0,89.53661904761904,0.12217857142857129,0.508
United Kingdom,4,55.37,-3.43,67.0,0.47,0.014999999999999993,100.8,0.5,0.0,0.0,0.5,31.450000000000003,55.5,60.0,28.975,6.800000000000001,16.4,22.0,93.8,69533.0,68.225,100.0,8.212857142857143,14.9975,0.0,84.40056547619048,0.17013392857142853,0.5575
United Kingdom,5,55.37,-3.43,67.0,-2.0825,0.1325,102.27499999999999,0.75,0.0,0.0,0.75,52.575,76.25,61.099999999999994,29.025,1.45,19.700000000000003,20.725,94.025,69629.0,73.825,98.725,10.4003125,17.965,0.0,80.96331845238095,0.14456845238095228,0.585
United Kingdom,6,55.36999999999999,-3.4300000000000006,67.0,-5.978,0.576,99.5,0.0,0.0,0.0,0.0,42.339999999999996,75.8,67.76,29.96,5.0,16.78,4.9,93.22,69725.0,69.62,97.32000000000001,13.004333333333332,19.208,0.0,84.73965476190476,0.3353690476190477,1.168
United Kingdom,7,55.37,-3.43,67.0,-11.225,0.15,51.75,0.0,0.0,0.0,0.0,48.325,67.25,62.275,30.35,3.45,16.75,2.1,92.525,69821.0,72.1,100.0,15.28703869047619,21.955,0.0,85.21709821428571,0.2326934523809523,0.6175
United Kingdom,8,55.36999999999999,-3.4300000000000006,67.0,-13.363999999999999,0.46799999999999997,37.98,0.0,0.0,0.0,0.0,35.88,47.8,63.4,36.8,6.68,14.540000000000001,0.0,92.17999999999999,69917.0,70.82000000000001,99.88,14.255130952380952,20.746000000000002,0.0,85.46296428571429,0.20772619047619031,0.5860000000000001
United Kingdom,9,55.37,-3.43,67.0,-16.035,0.195,33.3,0.0,0.0,0.0,0.0,40.45,47.5,57.975,34.075,4.25,18.75,0.0,93.4,70013.0,68.675,97.65,10.618407738095238,16.125,0.0,89.23066964285714,0.1016666666666666,0.4625
United Kingdom,10,55.37,-3.43,67.0,-15.219999999999999,0.8799999999999999,35.13333333333333,0.0,0.0,0.0,0.0,26.900000000000002,32.0,58.06666666666666,33.93333333333334,6.366666666666667,9.633333333333333,0.0,93.33333333333333,70109.0,72.46666666666667,97.53333333333335,8.552757936507936,14.053333333333333,0.0,92.87674603174604,0.0851388888888888,0.22333333333333336
United Kingdom,11,55.37,-3.43,67.0,-15.219999999999999,0.8799999999999999,35.13333333333333,0.0,0.0,0.0,0.0,26.900000000000002,32.0,58.06666666666666,33.93333333333334,6.366666666666667,9.633333333333333,0.0,93.33333333333333,70109.0,72.46666666666667,97.53333333333335,8.552757936507936,14.053333333333333,0.0,92.87674603174604,0.0851388888888888,0.22333333333333336
United Kingdom,12,55.37,-3.43,67.0,-15.219999999999999,0.8799999999999999,35.13333333333333,0.0,0.0,0.0,0.0,26.900000000000002,32.0,58.06666666666666,33.93333333333334,6.366666666666667,9.633333333333333,0.0,93.33333333333333,70109.0,72.46666666666667,97.53333333333335,8.552757936507936,14.053333333333333,0.0,92.87674603174604,0.0851388888888888,0.22333333333333336
United States,1,37.09,-95.71,331.0,4.7524999999999995,0.46499999999999997,121.44999999999999,0.0,0.0,0.0,0.0,32.7,60.5,45.575,33.25,7.1,19.375,8.3,84.925,76332.0,70.2,99.025,-1.3704464285714284,9.4525,0.0,76.76263392857143,0.09313988095238088,0.625
United States,2,37.09,-95.71,331.0,6.66,0.08000000000000002,121.05,0.5,0.0,0.0,0.5,24.3,29.5,54.25,27.375,4.375,19.1,10.825,84.25,76437.0,74.125,98.15,1.6984821428571426,14.2625,0.0,75.29194940476191,0.1566815476190475,0.6075
United States,3,37.09,-95.71,331.0,11.45,0.12799999999999997,120.4,0.6,0.0,0.0,0.6,25.619999999999997,29.0,62.160000000000004,30.04,1.4,19.36,23.380000000000003,82.2,76543.0,68.28,98.12,11.735607142857143,23.034,0.0,68.8977738095238,0.18336904761904754,0.602
United States,4,37.09,-95.71,331.0,10.2975,0.49,131.275,0.25,0.0,0.0,0.25,55.275,71.75,60.4,38.225,6.25,16.525,19.525,81.85000000000001,76649.0,68.8,99.3,16.01255952380952,26.5275,0.0,74.72080357142858,0.28377976190476184,0.955
United States,5,37.09,-95.71,331.0,9.397499999999999,0.14,138.1,0.75,0.0,0.0,0.75,39.325,63.5,63.525,36.325,4.425,19.7,18.775,82.4,76755.0,67.95,98.575,19.137127976190477,27.8825,0.0,77.45677083333334,0.30377976190476197,1.0
United States,6,37.09,-95.71,331.0,5.558,0.010000000000000002,106.28,0.0,0.0,0.0,0.0,54.620000000000005,83.6,73.42,27.76,4.6,18.1,7.76,82.2,76861.0,69.36,98.64,24.780250000000002,31.148000000000003,0.6,82.65492857142857,0.2535833333333334,0.5900000000000001
United States,7,37.09,-95.71,331.0,1.24,-0.1475,84.325,0.0,0.0,0.0,0.0,47.525,70.75,72.275,28.075,5.925,17.25,2.8499999999999996,80.9,76967.0,65.125,98.125,26.64032738095238,32.5625,8.75,81.72873511904763,0.24912202380952386,0.5425
United States,8,37.09,-95.71,331.0,-3.2560000000000002,0.054000000000000006,51.5,0.0,0.0,0.0,0.0,49.480000000000004,78.8,55.660000000000004,26.919999999999998,6.640000000000001,18.68,0.2,82.9,77073.0,68.2,99.67999999999999,24.102035714285712,31.845999999999997,11.4,75.23046428571429,0.3068928571428571,0.7939999999999999
United States,9,37.09,-95.71,331.0,-3.415,0.38,28.674999999999997,0.0,0.0,0.0,0.0,27.775,32.0,56.35,31.25,2.625,19.200000000000003,0.0,82.35,77179.0,71.2,97.15,23.018571428571427,31.6325,5.25,72.19491071428571,0.21904761904761905,0.6025
United States,10,37.09,-95.71,331.0,-5.713333333333334,0.34,28.599999999999998,0.0,0.0,0.0,0.0,60.13333333333333,79.0,68.06666666666666,29.96666666666667,6.766666666666667,18.1,0.0,81.83333333333333,77284.0,68.86666666666666,98.46666666666665,19.375396825396823,29.47666666666667,0.0,67.42464285714287,0.18186507936507926,0.6033333333333334
United States,11,37.09,-95.71,331.0,-5.713333333333334,0.34,28.599999999999998,0.0,0.0,0.0,0.0,60.13333333333333,79.0,68.06666666666666,29.96666666666667,6.766666666666667,18.1,0.0,81.83333333333333,77284.0,68.86666666666666,98.46666666666665,19.375396825396823,29.47666666666667,0.0,67.42464285714287,0.18186507936507926,0.6033333333333334
United States,12,37.09,-95.71,331.0,-5.713333333333334,0.34,28.599999999999998,0.0,0.0,0.0,0.0,60.13333333333333,79.0,68.06666666666666,29.96666666666667,6.766666666666667,18.1,0.0,81.83333333333333,77284.0,68.86666666666666,98.46666666666665,19.375396825396823,29.47666666666667,0.0,67.42464285714287,0.18186507936507926,0.6033333333333334
Vietnam,1,14.05,108.27,98.0,19.345,-0.16,69.225,0.0,0.0,0.0,0.0,117.375,161.5,86.8,32.475,11.575,22.8,7.95,44.55,4041.0,72.325,86.025,18.16580357142857,27.38,0.0,82.49918154761905,0.2891815476190476,0.94
Vietnam,2,14.05,108.27,98.0,21.1875,0.0625,121.57499999999999,0.0,0.0,0.0,0.0,113.55,166.75,83.0,24.95,36.55,24.9,10.175,44.675,4046.0,71.85,89.925,20.757217261904763,29.735,0.0,82.18943452380952,0.2807589285714286,0.7775000000000001
Vietnam,3,14.05,108.27000000000001,98.0,25.06,-0.09599999999999997,126.35999999999999,0.4,0.0,0.0,0.4,93.22,147.2,79.3,28.580000000000002,45.480000000000004,27.54,23.7,43.28,4052.0,67.08,90.14,23.201369047619046,33.646,10.2,75.19500000000001,0.37171428571428555,0.8699999999999999
Vietnam,4,14.05,108.27,98.0,25.4925,0.6475,117.275,0.0,0.0,0.0,0.0,101.75,145.25,79.35,29.7,50.25,24.625,18.975,44.8,4057.0,67.625,89.175,26.266770833333332,35.945,33.25,71.60950892857143,0.36767857142857147,0.82
Vietnam,5,14.05,108.27,98.0,22.6625,-0.03749999999999999,91.9,0.0,0.0,0.0,0.0,75.15,102.25,76.55,28.875,36.825,25.85,16.025,43.449999999999996,4063.0,74.8,89.425,25.889151785714283,33.805,11.75,79.93061011904761,0.2443749999999999,0.4425
Vietnam,6,14.05,108.27000000000001,98.0,20.098000000000003,-0.07399999999999998,80.2,0.0,0.0,0.0,0.0,107.1,155.4,82.36,25.380000000000003,22.48,26.439999999999998,4.26,42.1,4069.0,69.4,88.44,24.442309523809527,29.619999999999997,0.0,89.12088095238096,0.26825,0.462
Vietnam,7,14.05,108.27,98.0,14.4225,0.07500000000000001,56.35,0.0,0.0,0.0,0.0,118.45,175.75,85.65,30.95,7.35,25.225,0.825,40.325,4074.0,67.175,84.875,24.24595238095238,29.2075,0.0,90.7578869047619,0.29796130952380956,0.6325000000000001
Vietnam,8,14.05,108.27000000000001,98.0,9.962,0.378,84.47999999999999,0.0,0.0,0.0,0.0,105.17999999999999,155.6,88.67999999999999,29.060000000000002,4.5200000000000005,28.32,0.0,43.92,4080.0,74.3,86.32000000000001,24.100369047619047,29.195999999999998,0.0,90.38755952380953,0.24142857142857138,0.406
Vietnam,9,14.05,108.27,98.0,9.3875,0.12250000000000003,33.225,0.0,0.25,0.0,0.25,103.325,163.25,81.8,32.125,6.175,29.175,0.0,43.775,4086.0,68.9,84.675,23.966458333333335,30.115000000000002,0.0,89.50308035714286,0.21133928571428565,0.4275
Vietnam,10,14.050000000000002,108.27,98.0,8.283333333333333,0.26,41.46666666666667,0.0,0.0,0.0,0.0,136.86666666666667,204.0,88.03333333333335,27.166666666666668,3.0666666666666664,25.2,0.0,44.76666666666667,4091.0,70.63333333333334,91.03333333333335,23.455813492063495,29.073333333333334,0.0,89.20869047619048,0.2749801587301587,0.62
Vietnam,11,14.050000000000002,108.27,98.0,8.283333333333333,0.26,41.46666666666667,0.0,0.0,0.0,0.0,136.86666666666667,204.0,88.03333333333335,27.166666666666668,3.0666666666666664,25.2,0.0,44.76666666666667,4091.0,70.63333333333334,91.03333333333335,23.455813492063495,29.073333333333334,0.0,89.20869047619048,0.2749801587301587,0.62
Vietnam,12,14.050000000000002,108.27,98.0,8.283333333333333,0.26,41.46666666666667,0.0,0.0,0.0,0.0,136.86666666666667,204.0,88.03333333333335,27.166666666666668,3.0666666666666664,25.2,0.0,44.76666666666667,4091.0,70.63333333333334,91.03333333333335,23.455813492063495,29.073333333333334,0.0,89.20869047619048,0.2749801587301587,0.62
